CostFactKey,MonthDateKey,PropertyKey,OriginalCurrency,RentCost,ServiceCharge,EnergyCost,FacilitiesCost,MaintenanceCost,OtherOperatingCost,TotalOperatingCostLocal,FXRateToINR,TotalOperatingCostINR,AssignedHeadcount,AverageDailyPresence,PeakDailyPresence,AverageUtilizationRate,PeakDailyUtilization,CapacityPressurePct,PropertyCode,PropertyName,GeographyKey,FacilityTypeKey,UsableAreaSqM,CapacitySeats,OwnershipType,Region,Country,City,CostPerUsableSqM_INR,CostPerSeat_INR,CostPerOccupiedSeat_INR
3001,20241001,1,INR,17000000.0,1477178.27,1259154.82,1006908.65,561694.58,374441.16,21679377.48,1.0,21679377.48,820,345.7,468,0.62,1.0,61.9,PROP-BOM-01,Nariman Point Business Centre,101,1,6800.0,620,Leased,India,India,Mumbai,3188.14,34966.74,62711.53
3002,20241001,2,INR,10500000.0,907481.17,656515.7,616730.74,361349.05,231127.53,13273204.19,1.0,13273204.19,480,152.0,226,0.4726,1.0,52.38,PROP-BOM-02,BKC Central Tower B,101,4,3750.0,340,Leased,India,India,Mumbai,3539.52,39038.84,87323.71
3003,20241001,3,INR,14833333.33,1719680.99,1960943.03,1175500.58,679013.24,415137.57,20783608.74,1.0,20783608.74,1450,912.2,1093,0.7703,1.0,80.95,PROP-BOM-03,Powai Horizon Office Park,101,3,10600.0,1250,Leased,India,India,Mumbai,1960.72,16626.89,22784.05
3004,20241001,4,INR,0.0,1687984.65,2815491.74,1165650.37,644015.16,412348.19,6725490.11,1.0,6725490.11,2150,1148.9,1530,0.697,1.0,80.95,PROP-PNQ-01,Hinjawadi Tech Campus A,102,2,15500.0,1720,Owned,India,India,Pune,433.9,3910.17,5853.85
3005,20241001,5,INR,6240000.0,887016.01,1451541.55,610782.58,338568.26,228806.39,9756714.79,1.0,9756714.79,1050,357.4,460,0.4089,1.0,4.76,PROP-PNQ-02,Magarpatta Enterprise Park,102,3,7800.0,950,Leased,India,India,Pune,1250.86,10270.23,27299.15
3006,20241001,6,INR,19635000.0,2389153.53,3288010.16,1688562.39,925651.63,587836.8,28514214.51,1.0,28514214.51,2600,1432.0,1900,0.7924,1.0,80.95,PROP-BLR-01,Whitefield Innovation Campus Tower 1,103,2,17850.0,1980,Leased,India,India,Bengaluru,1597.43,14401.12,19912.16
3007,20241001,7,INR,14280000.0,1646320.73,2065504.34,1158386.57,626925.57,431773.32,20208910.53,1.0,20208910.53,1700,895.2,1163,0.7464,1.0,80.95,PROP-BLR-02,Outer Ring Road Alpha Center,103,2,11900.0,1320,Leased,India,India,Bengaluru,1698.23,15309.78,22574.74
3008,20241001,8,INR,0.0,985872.6,1709618.89,700254.94,400647.59,236962.92,4033356.94,1.0,4033356.94,1250,552.2,690,0.5259,0.9138,33.33,PROP-BLR-03,Electronic City Systems Hub,103,3,9350.0,1100,Owned,India,India,Bengaluru,431.38,3666.69,7304.16
3009,20241001,9,INR,10327500.0,1397485.71,1984966.64,963654.93,563232.99,350178.58,15587018.85,1.0,15587018.85,1500,763.7,1021,0.6659,1.0,71.43,PROP-MAA-01,OMR Cyber Gateway,104,2,11475.0,1280,Leased,India,India,Chennai,1358.35,12177.36,20409.87
3010,20241001,10,INR,5418750.0,709293.64,1131048.22,501978.68,295856.35,184046.22,8240973.11,1.0,8240973.11,820,307.8,383,0.4477,0.8,0.0,PROP-MAA-02,Guindy Industrial Square,104,3,6375.0,750,Leased,India,India,Chennai,1292.7,10987.96,26773.79
3011,20241001,11,INR,13600000.0,1744445.72,2401326.37,1242672.99,720916.47,438203.27,20147564.82,1.0,20147564.82,1950,1086.9,1396,0.7496,1.0,80.95,PROP-HYD-01,HITEC City Cyber Horizon,105,2,13600.0,1500,Leased,India,India,Hyderabad,1481.44,13431.71,18536.72
3012,20241001,12,INR,4862000.0,590197.98,800433.25,424454.25,239104.9,140735.41,7056925.79,1.0,7056925.79,520,218.2,307,0.5656,1.0,61.9,PROP-HYD-02,Gachibowli Financial Hub,105,4,4420.0,420,Leased,India,India,Hyderabad,1596.59,16802.2,32341.55
3013,20241001,13,INR,14662500.0,1836364.76,1712832.57,1249061.13,707953.73,443136.47,20611848.66,1.0,20611848.66,1300,625.8,855,0.6762,1.0,76.19,PROP-DEL-01,Gurugram Cyber City Tower 8,106,1,9775.0,980,Leased,India,India,Delhi NCR,2108.63,21032.5,32936.8
3014,20241001,14,INR,5984000.0,919654.32,1385568.59,642417.73,383930.79,221700.95,9537272.38,1.0,9537272.38,920,382.8,467,0.4982,0.8947,4.76,PROP-DEL-02,Noida Express Commercial Tower,106,3,7480.0,850,Leased,India,India,Delhi NCR,1275.04,11220.32,24914.5
3015,20241001,15,SGD,810000.0,98196.19,120291.55,67678.29,37424.78,25014.96,1158605.77,63.5,73571466.4,680,344.2,466,0.76,1.0,80.95,PROP-SGP-01,Marina Bay Financial Centre Tower 2,201,1,5400.0,480,Leased,Asia-Pacific,Singapore,Singapore,13624.35,153273.89,213746.27
3016,20241001,16,SGD,343000.0,57969.01,108542.77,40729.04,22246.12,14287.12,586774.06,63.5,37260152.81,650,318.1,414,0.6345,1.0,61.9,PROP-SGP-02,Changi Business Hub,201,2,4900.0,520,Leased,Asia-Pacific,Singapore,Singapore,7604.11,71654.14,117133.46
3017,20241001,17,MYR,348000.0,61392.27,67349.11,43336.07,23806.29,14918.91,558802.65,18.2,10170208.23,530,232.4,318,0.5888,1.0,61.9,PROP-KUL-01,KL Sentral Corporate Suites,202,1,4350.0,420,Leased,Asia-Pacific,Malaysia,Kuala Lumpur,2337.98,24214.78,43761.65
3018,20241001,18,MYR,397800.0,71660.98,102098.24,50048.53,27854.59,17647.43,667109.77,18.2,12141397.81,890,379.1,484,0.5123,0.9333,33.33,PROP-KUL-02,Bangsar South Tech Centre,202,3,6630.0,780,Leased,Asia-Pacific,Malaysia,Kuala Lumpur,1831.28,15565.89,32026.9
3019,20241001,19,THB,3500000.0,426259.39,505740.23,290279.46,172003.35,101731.47,4996013.9,2.35,11740632.66,420,169.4,245,0.5508,1.0,61.9,PROP-BKK-01,Sathorn Square Tower,203,4,3500.0,320,Leased,Asia-Pacific,Thailand,Bangkok,3354.47,36689.48,69307.16
3020,20241001,20,THB,3825000.0,479394.67,730385.67,337992.66,189409.73,122016.08,5684198.81,2.35,13357867.2,640,245.2,301,0.4424,0.7941,0.0,PROP-BKK-02,Asoke Exchange Office Suites,203,3,5100.0,580,Leased,Asia-Pacific,Thailand,Bangkok,2619.19,23030.81,54477.44
3021,20241001,21,IDR,1215000000.0,225327517.12,265383330.84,161733721.21,87015220.74,57389763.03,2011849552.94,0.0053,10662802.63,510,235.9,318,0.6426,1.0,71.43,PROP-JKT-01,Sudirman SCBD One Pacific,204,4,4050.0,380,Leased,Asia-Pacific,Indonesia,Jakarta,2632.79,28060.01,45200.52
3022,20241001,22,IDR,1530000000.0,288126333.89,386744848.7,201477070.01,116077442.89,75180077.69,2597605773.18,0.0053,13767310.6,780,380.1,471,0.5871,1.0,61.9,PROP-JKT-02,Kuningan Tech Office Hub,204,3,6120.0,700,Leased,Asia-Pacific,Indonesia,Jakarta,2249.56,19667.59,36220.23
3023,20241001,23,AUD,734500.0,121877.15,140983.95,86606.66,49461.61,31330.26,1164759.63,55.2,64294731.58,690,329.6,437,0.6893,1.0,80.95,PROP-SYD-01,Barangaroo International Tower 3,205,1,5650.0,510,Leased,Asia-Pacific,Australia,Sydney,11379.6,126068.1,195068.97
3024,20241001,24,AUD,372000.0,75168.24,113190.3,52301.63,31289.47,19552.7,663502.34,55.2,36625329.17,580,259.1,338,0.5962,1.0,61.9,PROP-SYD-02,Macquarie Park Tech Pavilion,205,2,4650.0,480,Leased,Asia-Pacific,Australia,Sydney,7876.41,76302.77,141355.96
3025,20241001,25,INR,2720000.0,367484.43,556490.09,253267.16,149648.01,88139.24,4135028.93,1.0,4135028.93,390,150.9,208,0.5047,1.0,52.38,PROP-PNQ-03,Kalyani Nagar Gateway,102,4,3200.0,310,Leased,India,India,Pune,1292.2,13338.8,27402.44
3026,20241101,1,INR,17000000.0,1517864.87,1056473.35,1052976.79,606382.81,381148.04,21614845.86,1.0,21614845.86,819,348.9,478,0.6156,1.0,80.0,PROP-BOM-01,Nariman Point Business Centre,101,1,6800.0,620,Leased,India,India,Mumbai,3178.65,34862.65,61951.41
3027,20241101,2,INR,10500000.0,913792.28,579826.23,652444.99,360094.2,235453.06,13241610.76,1.0,13241610.76,480,151.8,219,0.4738,0.9667,55.0,PROP-BOM-02,BKC Central Tower B,101,4,3750.0,340,Leased,India,India,Mumbai,3531.1,38945.91,87230.64
3028,20241101,3,INR,14833333.33,1678368.06,1614326.28,1191519.5,646589.27,425305.22,20389441.66,1.0,20389441.66,1454,915.9,1087,0.7666,1.0,80.0,PROP-BOM-03,Powai Horizon Office Park,101,3,10600.0,1250,Leased,India,India,Mumbai,1923.53,16311.55,22261.65
3029,20241101,4,INR,0.0,1716709.63,2392043.41,1175271.48,686516.39,417202.06,6387742.97,1.0,6387742.97,2148,1150.1,1531,0.692,1.0,75.0,PROP-PNQ-01,Hinjawadi Tech Campus A,102,2,15500.0,1720,Owned,India,India,Pune,412.11,3713.8,5554.08
3030,20241101,5,INR,6240000.0,907492.36,1212556.27,634913.4,365329.27,224797.75,9585089.05,1.0,9585089.05,1049,347.0,443,0.4052,0.8,0.0,PROP-PNQ-02,Magarpatta Enterprise Park,102,3,7800.0,950,Leased,India,India,Pune,1228.86,10089.57,27622.74
3031,20241101,6,INR,19635000.0,2397472.99,2651270.7,1641825.47,974251.0,608532.48,27908352.64,1.0,27908352.64,2608,1501.3,1980,0.7889,1.0,80.0,PROP-BLR-01,Whitefield Innovation Campus Tower 1,103,2,17850.0,1980,Leased,India,India,Bengaluru,1563.49,14095.13,18589.46
3032,20241101,7,INR,14280000.0,1633138.5,1848151.21,1152881.48,624189.37,409706.36,19948066.92,1.0,19948066.92,1698,939.0,1200,0.7377,1.0,80.0,PROP-BLR-02,Outer Ring Road Alpha Center,103,2,11900.0,1320,Leased,India,India,Bengaluru,1676.31,15112.17,21243.95
3033,20241101,8,INR,0.0,998010.74,1469903.28,694472.74,413647.99,252072.87,3828107.62,1.0,3828107.62,1249,558.4,696,0.5204,0.9412,40.0,PROP-BLR-03,Electronic City Systems Hub,103,3,9350.0,1100,Owned,India,India,Bengaluru,409.42,3480.1,6855.49
3034,20241101,9,INR,10327500.0,1378055.2,1735987.15,968846.05,558851.04,351677.43,15320916.87,1.0,15320916.87,1504,789.8,1018,0.6599,1.0,65.0,PROP-MAA-01,OMR Cyber Gateway,104,2,11475.0,1280,Leased,India,India,Chennai,1335.16,11969.47,19398.48
3035,20241101,10,INR,5418750.0,696442.76,956837.01,500368.94,284572.91,180869.39,8037841.01,1.0,8037841.01,819,314.2,384,0.445,0.8358,0.0,PROP-MAA-02,Guindy Industrial Square,104,3,6375.0,750,Leased,India,India,Chennai,1260.84,10717.12,25581.93
3036,20241101,11,INR,13600000.0,1770247.47,2161714.24,1245862.4,693532.47,428190.03,19899546.61,1.0,19899546.61,1948,1059.3,1373,0.7454,1.0,80.0,PROP-HYD-01,HITEC City Cyber Horizon,105,2,13600.0,1500,Leased,India,India,Hyderabad,1463.2,13266.36,18785.56
3037,20241101,12,INR,4862000.0,588387.74,686112.8,417246.23,246756.05,149093.14,6949595.96,1.0,6949595.96,522,227.3,323,0.5656,1.0,65.0,PROP-HYD-02,Gachibowli Financial Hub,105,4,4420.0,420,Leased,India,India,Hyderabad,1572.31,16546.66,30574.55
3038,20241101,13,INR,14662500.0,1862576.34,1504896.56,1287726.38,779453.61,472932.57,20570085.46,1.0,20570085.46,1299,607.8,850,0.6728,1.0,80.0,PROP-DEL-01,Gurugram Cyber City Tower 8,106,1,9775.0,980,Leased,India,India,Delhi NCR,2104.36,20989.88,33843.51
3039,20241101,14,INR,5984000.0,953232.41,1131974.38,662473.04,370042.58,248414.73,9350137.14,1.0,9350137.14,919,389.7,497,0.4872,0.875,15.0,PROP-DEL-02,Noida Express Commercial Tower,106,3,7480.0,850,Leased,India,India,Delhi NCR,1250.02,11000.16,23993.17
3040,20241101,15,SGD,810000.0,95980.56,101421.67,67203.29,39536.91,23475.47,1137617.9,63.5,72238736.65,682,327.8,439,0.7553,1.0,80.0,PROP-SGP-01,Marina Bay Financial Centre Tower 2,201,1,5400.0,480,Leased,Asia-Pacific,Singapore,Singapore,13377.54,150497.37,220374.43
3041,20241101,16,SGD,343000.0,58612.55,91379.56,41211.49,24611.39,14207.86,573022.85,63.5,36386950.98,649,298.8,375,0.6217,1.0,65.0,PROP-SGP-02,Changi Business Hub,201,2,4900.0,520,Leased,Asia-Pacific,Singapore,Singapore,7425.91,69974.91,121776.94
3042,20241101,17,MYR,348000.0,61516.99,54119.67,43932.05,23560.93,15790.89,546920.53,18.2,9953953.65,529,240.1,323,0.5851,1.0,60.0,PROP-KUL-01,KL Sentral Corporate Suites,202,1,4350.0,420,Leased,Asia-Pacific,Malaysia,Kuala Lumpur,2288.27,23699.89,41457.53
3043,20241101,18,MYR,397800.0,71694.02,86355.38,49180.24,30043.63,18228.98,653302.25,18.2,11890100.95,893,363.3,456,0.5163,0.9333,40.0,PROP-KUL-02,Bangsar South Tech Centre,202,3,6630.0,780,Leased,Asia-Pacific,Malaysia,Kuala Lumpur,1793.38,15243.72,32728.05
3044,20241101,19,THB,3500000.0,414289.3,419416.14,285510.7,173011.39,103595.42,4895822.95,2.35,11505183.93,420,172.8,248,0.5516,1.0,60.0,PROP-BKK-01,Sathorn Square Tower,203,4,3500.0,320,Leased,Asia-Pacific,Thailand,Bangkok,3287.2,35953.7,66580.93
3045,20241101,20,THB,3825000.0,475279.58,619236.81,327306.03,196898.7,113435.83,5557156.95,2.35,13059318.83,639,231.9,283,0.4398,0.7681,0.0,PROP-BKK-02,Asoke Exchange Office Suites,203,3,5100.0,580,Leased,Asia-Pacific,Thailand,Bangkok,2560.65,22516.07,56314.44
3046,20241101,21,IDR,1215000000.0,219883324.1,221446679.1,157165432.52,90036182.8,54718149.83,1958249768.35,0.0053,10378723.77,512,219.7,304,0.6428,1.0,75.0,PROP-JKT-01,Sudirman SCBD One Pacific,204,4,4050.0,380,Leased,Asia-Pacific,Indonesia,Jakarta,2562.65,27312.43,47240.44
3047,20241101,22,IDR,1530000000.0,289256940.32,325421549.52,201731665.34,117674913.47,72961886.79,2537046955.44,0.0053,13446348.86,779,368.6,458,0.576,1.0,60.0,PROP-JKT-02,Kuningan Tech Office Hub,204,3,6120.0,700,Leased,Asia-Pacific,Indonesia,Jakarta,2197.12,19209.07,36479.51
3048,20241101,23,AUD,734500.0,126520.43,116142.8,91054.87,49082.2,32951.08,1150251.38,55.2,63493876.18,689,325.1,443,0.6797,1.0,75.0,PROP-SYD-01,Barangaroo International Tower 3,205,1,5650.0,510,Leased,Asia-Pacific,Australia,Sydney,11237.85,124497.8,195305.68
3049,20241101,24,AUD,372000.0,74533.58,96384.67,50773.5,28717.04,18314.87,640723.66,55.2,35367946.03,582,267.1,344,0.5951,1.0,60.0,PROP-SYD-02,Macquarie Park Tech Pavilion,205,2,4650.0,480,Leased,Asia-Pacific,Australia,Sydney,7606.01,73683.22,132414.62
3050,20241101,25,INR,2720000.0,366067.86,505606.78,260875.53,147330.36,91012.19,4090892.72,1.0,4090892.72,390,144.9,198,0.5019,0.939,35.0,PROP-PNQ-03,Kalyani Nagar Gateway,102,4,3200.0,310,Leased,India,India,Pune,1278.4,13196.43,28232.52
3051,20241201,1,INR,17000000.0,1507987.03,1039119.55,1065357.65,588952.66,393615.75,21595032.64,1.0,21595032.64,818,361.8,496,0.5193,1.0,57.14,PROP-BOM-01,Nariman Point Business Centre,101,1,6800.0,620,Leased,India,India,Mumbai,3175.74,34830.7,59687.76
3052,20241201,2,INR,10500000.0,912758.03,577902.54,639244.26,358092.93,224370.83,13212368.59,1.0,13212368.59,479,145.3,208,0.391,0.8049,0.0,PROP-BOM-02,BKC Central Tower B,101,4,3750.0,340,Leased,India,India,Mumbai,3523.3,38859.91,90931.65
3053,20241201,3,INR,14833333.33,1666889.61,1574585.97,1191130.88,680815.81,397968.76,20344724.36,1.0,20344724.36,1459,869.2,1061,0.6441,1.0,57.14,PROP-BOM-03,Powai Horizon Office Park,101,3,10600.0,1250,Leased,India,India,Mumbai,1919.31,16275.78,23406.26
3054,20241201,4,INR,0.0,1674342.96,2379813.85,1169748.95,687601.85,410434.9,6321942.51,1.0,6321942.51,2146,1088.4,1438,0.5812,1.0,57.14,PROP-PNQ-01,Hinjawadi Tech Campus A,102,2,15500.0,1720,Owned,India,India,Pune,407.87,3675.55,5808.47
3055,20241201,5,INR,6240000.0,906666.8,1234833.07,652389.61,348444.35,225490.44,9607824.27,1.0,9607824.27,1048,369.1,470,0.3357,0.63,0.0,PROP-PNQ-02,Magarpatta Enterprise Park,102,3,7800.0,950,Leased,India,India,Pune,1231.77,10113.5,26030.41
3056,20241201,6,INR,19635000.0,2452289.73,2736305.18,1707152.51,1023889.03,615987.92,28170624.37,1.0,28170624.37,2616,1492.4,1980,0.6592,1.0,80.95,PROP-BLR-01,Whitefield Innovation Campus Tower 1,103,2,17850.0,1980,Leased,India,India,Bengaluru,1578.19,14227.59,18876.05
3057,20241201,7,INR,14280000.0,1675405.33,1765105.6,1201346.96,648618.86,405955.97,19976432.72,1.0,19976432.72,1697,905.3,1185,0.6177,1.0,57.14,PROP-BLR-02,Outer Ring Road Alpha Center,103,2,11900.0,1320,Leased,India,India,Bengaluru,1678.69,15133.66,22066.09
3058,20241201,8,INR,0.0,993255.73,1482304.3,702575.19,386350.33,247283.97,3811769.52,1.0,3811769.52,1248,535.1,657,0.4383,0.7931,0.0,PROP-BLR-03,Electronic City Systems Hub,103,3,9350.0,1100,Owned,India,India,Bengaluru,407.68,3465.25,7123.47
3059,20241201,9,INR,10327500.0,1404486.35,1768393.26,999316.69,549933.86,350947.54,15400577.7,1.0,15400577.7,1509,799.4,1063,0.5518,1.0,57.14,PROP-MAA-01,OMR Cyber Gateway,104,2,11475.0,1280,Leased,India,India,Chennai,1342.1,12031.7,19265.17
3060,20241201,10,INR,5418750.0,697808.02,992478.49,498604.08,280487.3,173887.34,8062015.23,1.0,8062015.23,818,327.3,399,0.3771,0.798,0.0,PROP-MAA-02,Guindy Industrial Square,104,3,6375.0,750,Leased,India,India,Chennai,1264.63,10749.35,24631.88
3061,20241201,11,INR,13600000.0,1740335.37,2147843.28,1218538.9,718112.96,450839.8,19875670.31,1.0,19875670.31,1946,1016.0,1323,0.6273,1.0,71.43,PROP-HYD-01,HITEC City Cyber Horizon,105,2,13600.0,1500,Leased,India,India,Hyderabad,1461.45,13250.45,19562.67
3062,20241201,12,INR,4862000.0,584883.24,654472.37,407379.32,223870.67,151180.67,6883786.27,1.0,6883786.27,523,214.7,295,0.4701,0.94,38.1,PROP-HYD-02,Gachibowli Financial Hub,105,4,4420.0,420,Leased,India,India,Hyderabad,1557.42,16389.97,32062.35
3063,20241201,13,INR,14662500.0,1828902.13,1510068.49,1257614.37,705832.05,447434.83,20412351.87,1.0,20412351.87,1297,605.7,839,0.5624,1.0,57.14,PROP-DEL-01,Gurugram Cyber City Tower 8,106,1,9775.0,980,Leased,India,India,Delhi NCR,2088.22,20828.93,33700.43
3064,20241201,14,INR,5984000.0,934984.41,1107617.56,652921.35,372678.08,245158.96,9297360.36,1.0,9297360.36,918,378.9,474,0.4135,0.7321,0.0,PROP-DEL-02,Noida Express Commercial Tower,106,3,7480.0,850,Leased,India,India,Delhi NCR,1242.96,10938.07,24537.77
3065,20241201,15,SGD,810000.0,96017.95,104351.03,68355.32,37488.57,23292.96,1139505.83,63.5,72358620.2,684,340.7,462,0.6347,1.0,61.9,PROP-SGP-01,Marina Bay Financial Centre Tower 2,201,1,5400.0,480,Leased,Asia-Pacific,Singapore,Singapore,13399.74,150747.13,212382.21
3066,20241201,16,SGD,343000.0,58013.91,94333.32,39791.43,22828.27,15217.69,573184.62,63.5,36397223.37,649,314.0,395,0.5284,0.9231,42.86,PROP-SGP-02,Changi Business Hub,201,2,4900.0,520,Leased,Asia-Pacific,Singapore,Singapore,7428.0,69994.66,115914.72
3067,20241201,17,MYR,348000.0,61833.3,57196.96,42051.53,23901.35,16099.51,549082.65,18.2,9993304.23,529,229.8,304,0.4932,0.9091,38.1,PROP-KUL-01,KL Sentral Corporate Suites,202,1,4350.0,420,Leased,Asia-Pacific,Malaysia,Kuala Lumpur,2297.31,23793.58,43486.96
3068,20241201,18,MYR,397800.0,72888.98,81419.19,51890.74,28227.29,18830.25,651056.45,18.2,11849227.39,895,372.1,477,0.4248,0.7857,0.0,PROP-KUL-02,Bangsar South Tech Centre,202,3,6630.0,780,Leased,Asia-Pacific,Malaysia,Kuala Lumpur,1787.21,15191.32,31844.2
3069,20241201,19,THB,3500000.0,412852.57,403515.27,290479.78,167450.1,102569.03,4876866.75,2.35,11460636.86,419,169.2,243,0.464,0.9176,23.81,PROP-BKK-01,Sathorn Square Tower,203,4,3500.0,320,Leased,Asia-Pacific,Thailand,Bangkok,3274.47,35814.49,67734.26
3070,20241201,20,THB,3825000.0,479246.75,608208.73,334632.03,182631.83,125601.72,5555321.06,2.35,13055004.49,639,240.6,288,0.3659,0.6667,0.0,PROP-BKK-02,Asoke Exchange Office Suites,203,3,5100.0,580,Leased,Asia-Pacific,Thailand,Bangkok,2559.8,22508.63,54260.2
3071,20241201,21,IDR,1215000000.0,220450416.46,217088739.69,158754763.6,87442874.01,57120082.81,1955856876.57,0.0053,10366041.45,513,224.7,307,0.5374,1.0,57.14,PROP-JKT-01,Sudirman SCBD One Pacific,204,4,4050.0,380,Leased,Asia-Pacific,Indonesia,Jakarta,2559.52,27279.06,46132.81
3072,20241201,22,IDR,1530000000.0,296871589.85,326310522.29,211736691.09,113104902.72,76546946.0,2554570651.95,0.0053,13539224.46,778,385.7,488,0.4849,0.873,4.76,PROP-JKT-02,Kuningan Tech Office Hub,204,3,6120.0,700,Leased,Asia-Pacific,Indonesia,Jakarta,2212.29,19341.75,35102.99
3073,20241201,23,AUD,734500.0,122009.08,124452.6,84123.85,50417.21,31714.05,1147216.79,55.2,63326366.81,689,316.4,427,0.571,1.0,61.9,PROP-SYD-01,Barangaroo International Tower 3,205,1,5650.0,510,Leased,Asia-Pacific,Australia,Sydney,11208.21,124169.35,200146.54
3074,20241201,24,AUD,372000.0,72959.66,102037.76,49864.53,30372.73,17508.22,644742.9,55.2,35589808.08,583,264.5,348,0.5002,0.9298,14.29,PROP-SYD-02,Macquarie Park Tech Pavilion,205,2,4650.0,480,Leased,Asia-Pacific,Australia,Sydney,7653.72,74145.43,134555.04
3075,20241201,25,INR,2720000.0,372730.98,488483.4,264071.38,156246.01,90617.59,4092149.36,1.0,4092149.36,389,143.7,195,0.4204,0.7818,0.0,PROP-PNQ-03,Kalyani Nagar Gateway,102,4,3200.0,310,Leased,India,India,Pune,1278.8,13200.48,28477.03
3076,20250101,1,INR,17000000.0,1473324.01,1039036.73,1054533.61,585360.91,366903.46,21519158.72,1.0,21519158.72,818,346.8,474,0.5753,1.0,55.0,PROP-BOM-01,Nariman Point Business Centre,101,1,6800.0,620,Leased,India,India,Mumbai,3164.58,34708.32,62050.63
3077,20250101,2,INR,10500000.0,909980.22,571056.04,622590.02,359661.31,226630.96,13189918.55,1.0,13189918.55,479,145.0,208,0.4408,1.0,30.0,PROP-BOM-02,BKC Central Tower B,101,4,3750.0,340,Leased,India,India,Mumbai,3517.31,38793.88,90964.96
3078,20250101,3,INR,14833333.33,1729830.48,1568483.92,1221771.01,665360.43,439844.6,20458623.77,1.0,20458623.77,1463,876.4,1081,0.7159,1.0,70.0,PROP-BOM-03,Powai Horizon Office Park,101,3,10600.0,1250,Leased,India,India,Mumbai,1930.06,16366.9,23343.93
3079,20250101,4,INR,0.0,1702796.05,2287510.92,1201599.55,655607.26,417052.92,6264566.7,1.0,6264566.7,2144,1097.2,1415,0.6455,1.0,70.0,PROP-PNQ-01,Hinjawadi Tech Campus A,102,2,15500.0,1720,Owned,India,India,Pune,404.17,3642.19,5709.59
3080,20250101,5,INR,6240000.0,886246.46,1217499.39,608511.39,364207.64,214548.69,9531013.57,1.0,9531013.57,1047,370.4,462,0.3768,0.7333,0.0,PROP-PNQ-02,Magarpatta Enterprise Park,102,3,7800.0,950,Leased,India,India,Pune,1221.92,10032.65,25731.68
3081,20250101,6,INR,19635000.0,2412817.62,2716395.81,1674340.27,1008119.6,617277.58,28063950.88,1.0,28063950.88,2623,1413.1,1828,0.7346,1.0,75.0,PROP-BLR-01,Whitefield Innovation Campus Tower 1,103,2,17850.0,1980,Leased,India,India,Bengaluru,1572.21,14173.71,19859.85
3082,20250101,7,INR,14280000.0,1655904.51,1880284.74,1154252.99,672051.55,407403.85,20049897.64,1.0,20049897.64,1695,902.9,1144,0.6845,1.0,75.0,PROP-BLR-02,Outer Ring Road Alpha Center,103,2,11900.0,1320,Leased,India,India,Bengaluru,1684.87,15189.32,22206.11
3083,20250101,8,INR,0.0,969665.25,1440408.49,698339.29,383446.71,231056.5,3722916.24,1.0,3722916.24,1246,547.4,692,0.4925,0.9224,30.0,PROP-BLR-03,Electronic City Systems Hub,103,3,9350.0,1100,Owned,India,India,Bengaluru,398.17,3384.47,6801.09
3084,20250101,9,INR,10327500.0,1367582.76,1709583.77,947748.99,547311.79,333108.91,15232836.22,1.0,15232836.22,1513,801.8,1066,0.6155,1.0,55.0,PROP-MAA-01,OMR Cyber Gateway,104,2,11475.0,1280,Leased,India,India,Chennai,1327.48,11900.65,18998.3
3085,20250101,10,INR,5418750.0,687430.87,996067.74,485752.84,269462.92,178411.3,8035875.67,1.0,8035875.67,818,326.6,399,0.4129,0.8081,0.0,PROP-MAA-02,Guindy Industrial Square,104,3,6375.0,750,Leased,India,India,Chennai,1260.53,10714.5,24604.64
3086,20250101,11,INR,13600000.0,1764469.14,2139545.75,1200622.14,731143.48,440552.1,19876332.61,1.0,19876332.61,1944,1042.8,1378,0.6976,1.0,75.0,PROP-HYD-01,HITEC City Cyber Horizon,105,2,13600.0,1500,Leased,India,India,Hyderabad,1461.5,13250.89,19060.54
3087,20250101,12,INR,4862000.0,586176.64,669287.7,405865.57,226745.28,153694.87,6903770.06,1.0,6903770.06,525,215.0,307,0.5262,1.0,55.0,PROP-HYD-02,Gachibowli Financial Hub,105,4,4420.0,420,Leased,India,India,Hyderabad,1561.94,16437.55,32110.56
3088,20250101,13,INR,14662500.0,1874423.3,1543244.34,1332251.02,755982.86,450490.51,20618892.03,1.0,20618892.03,1296,630.8,854,0.6264,1.0,70.0,PROP-DEL-01,Gurugram Cyber City Tower 8,106,1,9775.0,980,Leased,India,India,Delhi NCR,2109.35,21039.69,32686.89
3089,20250101,14,INR,5984000.0,934157.83,1160132.31,644045.79,377757.96,225432.44,9325526.33,1.0,9325526.33,917,405.9,517,0.4583,0.8304,0.0,PROP-DEL-02,Noida Express Commercial Tower,106,3,7480.0,850,Leased,India,India,Delhi NCR,1246.73,10971.21,22974.94
3090,20250101,15,SGD,810000.0,97474.45,103279.46,68885.54,39078.79,24995.51,1143713.75,63.5,72625823.12,686,334.7,455,0.7021,1.0,75.0,PROP-SGP-01,Marina Bay Financial Centre Tower 2,201,1,5400.0,480,Leased,Asia-Pacific,Singapore,Singapore,13449.23,151303.8,216987.82
3091,20250101,16,SGD,343000.0,58138.44,93360.0,40897.23,24384.93,15185.21,574965.81,63.5,36510328.94,648,316.9,403,0.5883,1.0,55.0,PROP-SGP-02,Changi Business Hub,201,2,4900.0,520,Leased,Asia-Pacific,Singapore,Singapore,7451.09,70212.17,115210.88
3092,20250101,17,MYR,348000.0,61588.2,54289.87,41909.49,24014.62,15721.67,545523.85,18.2,9928534.07,528,229.8,303,0.547,1.0,55.0,PROP-KUL-01,KL Sentral Corporate Suites,202,1,4350.0,420,Leased,Asia-Pacific,Malaysia,Kuala Lumpur,2282.42,23639.37,43205.11
3093,20250101,18,MYR,397800.0,74318.09,81576.06,50798.93,29941.3,17708.78,652143.16,18.2,11869005.51,898,373.9,478,0.4776,0.8667,15.0,PROP-KUL-02,Bangsar South Tech Centre,202,3,6630.0,780,Leased,Asia-Pacific,Malaysia,Kuala Lumpur,1790.2,15216.67,31743.8
3094,20250101,19,THB,3500000.0,419699.41,405238.5,294845.73,165101.42,107283.97,4892169.03,2.35,11496597.22,419,172.0,241,0.5163,1.0,55.0,PROP-BKK-01,Sathorn Square Tower,203,4,3500.0,320,Leased,Asia-Pacific,Thailand,Bangkok,3284.74,35926.87,66840.68
3095,20250101,20,THB,3825000.0,494127.27,604440.15,352517.58,206241.87,118951.66,5601278.53,2.35,13163004.55,638,238.1,286,0.4082,0.7826,0.0,PROP-BKK-02,Asoke Exchange Office Suites,203,3,5100.0,580,Leased,Asia-Pacific,Thailand,Bangkok,2580.98,22694.84,55283.51
3096,20250101,21,IDR,1215000000.0,221233208.06,224402807.14,151822843.47,88464235.96,54350124.33,1955273218.96,0.0053,10362948.06,515,230.1,307,0.598,1.0,65.0,PROP-JKT-01,Sudirman SCBD One Pacific,204,4,4050.0,380,Leased,Asia-Pacific,Indonesia,Jakarta,2558.75,27270.92,45036.71
3097,20250101,22,IDR,1530000000.0,298739451.25,339348841.36,211271662.91,116687875.01,71093749.54,2567141580.07,0.0053,13605850.37,778,372.7,469,0.5396,0.9365,55.0,PROP-JKT-02,Kuningan Tech Office Hub,204,3,6120.0,700,Leased,Asia-Pacific,Indonesia,Jakarta,2223.18,19436.93,36506.17
3098,20250101,23,AUD,734500.0,125090.22,124445.01,89465.32,52515.59,31049.71,1157065.85,55.2,63870034.92,688,322.4,430,0.6401,1.0,70.0,PROP-SYD-01,Barangaroo International Tower 3,205,1,5650.0,510,Leased,Asia-Pacific,Australia,Sydney,11304.43,125235.36,198108.05
3099,20250101,24,AUD,372000.0,73237.32,95470.6,52072.31,29759.11,18544.78,641084.12,55.2,35387843.42,585,259.4,334,0.562,1.0,55.0,PROP-SYD-02,Macquarie Park Tech Pavilion,205,2,4650.0,480,Leased,Asia-Pacific,Australia,Sydney,7610.29,73724.67,136421.91
3100,20250101,25,INR,2720000.0,363445.26,498615.43,256600.55,138518.06,89924.36,4067103.66,1.0,4067103.66,389,150.3,212,0.4686,0.9818,35.0,PROP-PNQ-03,Kalyani Nagar Gateway,102,4,3200.0,310,Leased,India,India,Pune,1270.97,13119.69,27059.9
3101,20250201,1,INR,17000000.0,1493866.65,1198316.83,1042391.96,624630.08,365046.22,21724251.74,1.0,21724251.74,817,368.8,491,0.5932,1.0,60.0,PROP-BOM-01,Nariman Point Business Centre,101,1,6800.0,620,Leased,India,India,Mumbai,3194.74,35039.12,58905.24
3102,20250201,2,INR,10500000.0,888121.63,668074.94,636476.92,362185.71,211479.57,13266338.77,1.0,13266338.77,478,144.1,212,0.4496,0.9167,45.0,PROP-BOM-02,BKC Central Tower B,101,4,3750.0,340,Leased,India,India,Mumbai,3537.69,39018.64,92063.42
3103,20250201,3,INR,14833333.33,1693517.3,1981468.39,1172512.87,668108.48,426328.94,20775269.31,1.0,20775269.31,1467,869.1,1034,0.7396,1.0,75.0,PROP-BOM-03,Powai Horizon Office Park,101,3,10600.0,1250,Leased,India,India,Mumbai,1959.93,16620.22,23904.35
3104,20250201,4,INR,0.0,1700489.87,2804760.02,1199411.4,650425.81,436305.3,6791392.4,1.0,6791392.4,2141,1154.1,1482,0.6656,1.0,70.0,PROP-PNQ-01,Hinjawadi Tech Campus A,102,2,15500.0,1720,Owned,India,India,Pune,438.15,3948.48,5884.58
3105,20250201,5,INR,6240000.0,898611.07,1420453.31,619115.2,368549.94,222652.3,9769381.82,1.0,9769381.82,1046,353.8,442,0.3904,0.7353,0.0,PROP-PNQ-02,Magarpatta Enterprise Park,102,3,7800.0,950,Leased,India,India,Pune,1252.48,10283.56,27612.72
3106,20250201,6,INR,19635000.0,2377539.41,3219974.35,1672514.76,937300.55,610979.48,28453308.55,1.0,28453308.55,2631,1504.2,1980,0.7565,1.0,80.0,PROP-BLR-01,Whitefield Innovation Campus Tower 1,103,2,17850.0,1980,Leased,India,India,Bengaluru,1594.02,14370.36,18915.91
3107,20250201,7,INR,14280000.0,1693003.61,2118886.18,1160652.49,667220.07,434455.51,20354217.86,1.0,20354217.86,1693,943.7,1244,0.7046,1.0,75.0,PROP-BLR-02,Outer Ring Road Alpha Center,103,2,11900.0,1320,Leased,India,India,Bengaluru,1710.44,15419.86,21568.53
3108,20250201,8,INR,0.0,996876.83,1623913.11,680422.59,403091.85,240477.09,3944781.47,1.0,3944781.47,1245,549.1,699,0.4986,0.8824,20.0,PROP-BLR-03,Electronic City Systems Hub,103,3,9350.0,1100,Owned,India,India,Bengaluru,421.9,3586.16,7184.09
3109,20250201,9,INR,10327500.0,1371739.59,2100989.27,969179.41,523901.64,359825.38,15653135.29,1.0,15653135.29,1518,790.1,1045,0.6348,1.0,65.0,PROP-MAA-01,OMR Cyber Gateway,104,2,11475.0,1280,Leased,India,India,Chennai,1364.11,12229.01,19811.59
3110,20250201,10,INR,5418750.0,689528.19,1178886.46,480429.99,277332.3,164481.12,8209408.06,1.0,8209408.06,817,310.2,384,0.4312,0.7374,0.0,PROP-MAA-02,Guindy Industrial Square,104,3,6375.0,750,Leased,India,India,Chennai,1287.75,10945.88,26464.89
3111,20250201,11,INR,13600000.0,1754913.74,2507763.04,1240397.63,734419.54,449525.23,20287019.18,1.0,20287019.18,1942,1033.8,1343,0.711,1.0,80.0,PROP-HYD-01,HITEC City Cyber Horizon,105,2,13600.0,1500,Leased,India,India,Hyderabad,1491.69,13524.68,19623.74
3112,20250201,12,INR,4862000.0,606274.02,807177.64,420834.23,234379.08,151004.89,7081669.86,1.0,7081669.86,526,229.4,329,0.5439,1.0,60.0,PROP-HYD-02,Gachibowli Financial Hub,105,4,4420.0,420,Leased,India,India,Hyderabad,1602.19,16861.12,30870.4
3113,20250201,13,INR,14662500.0,1838309.19,1795115.39,1257815.1,703915.95,466703.87,20724359.5,1.0,20724359.5,1295,633.1,861,0.6439,1.0,75.0,PROP-DEL-01,Gurugram Cyber City Tower 8,106,1,9775.0,980,Leased,India,India,Delhi NCR,2120.14,21147.31,32734.73
3114,20250201,14,INR,5984000.0,922659.52,1323387.29,658732.99,379751.96,230948.36,9499480.12,1.0,9499480.12,916,403.1,502,0.4674,0.8393,0.0,PROP-DEL-02,Noida Express Commercial Tower,106,3,7480.0,850,Leased,India,India,Delhi NCR,1269.98,11175.86,23566.06
3115,20250201,15,SGD,810000.0,97560.24,123488.67,69041.99,37092.6,23749.2,1160932.7,63.5,73719226.45,688,328.7,427,0.7253,1.0,80.0,PROP-SGP-01,Marina Bay Financial Centre Tower 2,201,1,5400.0,480,Leased,Asia-Pacific,Singapore,Singapore,13651.71,153581.72,224275.1
3116,20250201,16,SGD,343000.0,59276.73,111790.14,41201.56,23231.87,14238.77,592739.07,63.5,37638930.94,647,318.5,419,0.6017,1.0,60.0,PROP-SGP-02,Changi Business Hub,201,2,4900.0,520,Leased,Asia-Pacific,Singapore,Singapore,7681.41,72382.56,118175.61
3117,20250201,17,MYR,348000.0,61474.65,63169.5,43713.95,24227.34,15105.89,555691.33,18.2,10113582.21,528,224.1,298,0.5615,1.0,60.0,PROP-KUL-01,KL Sentral Corporate Suites,202,1,4350.0,420,Leased,Asia-Pacific,Malaysia,Kuala Lumpur,2324.96,24079.96,45129.77
3118,20250201,18,MYR,397800.0,73275.63,102542.11,51670.75,28630.51,18513.02,672432.02,18.2,12238262.76,901,365.8,467,0.4952,0.8714,20.0,PROP-KUL-02,Bangsar South Tech Centre,202,3,6630.0,780,Leased,Asia-Pacific,Malaysia,Kuala Lumpur,1845.89,15690.08,33456.16
3119,20250201,19,THB,3500000.0,421437.74,472557.7,293620.11,170454.66,100444.06,4958514.27,2.35,11652508.53,418,161.4,226,0.5382,1.0,60.0,PROP-BKK-01,Sathorn Square Tower,203,4,3500.0,320,Leased,Asia-Pacific,Thailand,Bangkok,3329.29,36414.09,72196.46
3120,20250201,20,THB,3825000.0,476882.41,740353.81,329689.39,189314.63,115106.24,5676346.48,2.35,13339414.23,637,228.8,282,0.4178,0.7681,0.0,PROP-BKK-02,Asoke Exchange Office Suites,203,3,5100.0,580,Leased,Asia-Pacific,Thailand,Bangkok,2615.57,22998.99,58301.64
3121,20250201,21,IDR,1215000000.0,225719575.52,263864817.41,154536831.27,92062006.85,58411172.42,2009594403.47,0.0053,10650850.34,516,228.7,318,0.6134,1.0,60.0,PROP-JKT-01,Sudirman SCBD One Pacific,204,4,4050.0,380,Leased,Asia-Pacific,Indonesia,Jakarta,2629.84,28028.55,46571.27
3122,20250201,22,IDR,1530000000.0,297694509.76,391341274.44,205994841.09,122222657.79,77922355.04,2625175638.12,0.0053,13913430.88,777,378.8,484,0.5557,0.989,60.0,PROP-JKT-02,Kuningan Tech Office Hub,204,3,6120.0,700,Leased,Asia-Pacific,Indonesia,Jakarta,2273.44,19876.33,36730.28
3123,20250201,23,AUD,734500.0,125323.45,141610.51,86830.36,48850.48,30875.86,1167990.66,55.2,64473084.43,687,322.5,438,0.6564,1.0,75.0,PROP-SYD-01,Barangaroo International Tower 3,205,1,5650.0,510,Leased,Asia-Pacific,Australia,Sydney,11411.17,126417.81,199916.54
3124,20250201,24,AUD,372000.0,74839.67,118560.08,51380.59,29354.61,19639.43,665774.38,55.2,36750745.78,587,269.4,343,0.5694,1.0,60.0,PROP-SYD-02,Macquarie Park Tech Pavilion,205,2,4650.0,480,Leased,Asia-Pacific,Australia,Sydney,7903.39,76564.05,136417.02
3125,20250201,25,INR,2720000.0,368456.46,567377.86,257846.24,151003.19,90277.02,4154960.77,1.0,4154960.77,388,147.3,199,0.4826,0.9273,45.0,PROP-PNQ-03,Kalyani Nagar Gateway,102,4,3200.0,310,Leased,India,India,Pune,1298.43,13403.1,28207.47
3126,20250301,1,INR,17000000.0,1518077.44,1176251.25,1086230.81,580727.63,364435.12,21725722.25,1.0,21725722.25,816,372.1,504,0.6032,1.0,65.0,PROP-BOM-01,Nariman Point Business Centre,101,1,6800.0,620,Leased,India,India,Mumbai,3194.96,35041.49,58386.78
3127,20250301,2,INR,10500000.0,895742.02,679823.72,636931.07,371311.25,220800.93,13304608.99,1.0,13304608.99,478,151.4,218,0.4511,0.95,40.0,PROP-BOM-02,BKC Central Tower B,101,4,3750.0,340,Leased,India,India,Mumbai,3547.9,39131.2,87877.21
3128,20250301,3,INR,14833333.33,1686558.37,1951793.91,1195996.08,700014.14,425207.94,20792903.77,1.0,20792903.77,1472,874.8,1032,0.7452,1.0,80.0,PROP-BOM-03,Powai Horizon Office Park,101,3,10600.0,1250,Leased,India,India,Mumbai,1961.59,16634.32,23768.75
3129,20250301,4,INR,0.0,1722213.8,2895581.73,1180373.32,1049908.14,431200.27,7279277.26,1.0,7279277.26,2139,1087.7,1440,0.674,1.0,85.0,PROP-PNQ-01,Hinjawadi Tech Campus A,102,2,15500.0,1720,Owned,India,India,Pune,469.63,4232.14,6692.36
3130,20250301,5,INR,6240000.0,901938.96,1419798.57,623685.96,350655.82,215037.2,9751116.51,1.0,9751116.51,1045,348.5,434,0.3951,0.7333,0.0,PROP-PNQ-02,Magarpatta Enterprise Park,102,3,7800.0,950,Leased,India,India,Pune,1250.14,10264.33,27980.25
3131,20250301,6,INR,19635000.0,2454455.1,3084511.04,1708666.85,1006312.29,642331.38,28531276.66,1.0,28531276.66,2639,1427.1,1892,0.7699,1.0,85.0,PROP-BLR-01,Whitefield Innovation Campus Tower 1,103,2,17850.0,1980,Leased,India,India,Bengaluru,1598.39,14409.74,19992.49
3132,20250301,7,INR,14280000.0,1656068.86,2139290.68,1185676.77,668148.43,426487.68,20355672.42,1.0,20355672.42,1692,892.6,1174,0.7137,1.0,75.0,PROP-BLR-02,Outer Ring Road Alpha Center,103,2,11900.0,1320,Leased,India,India,Bengaluru,1710.56,15420.96,22804.92
3133,20250301,8,INR,0.0,962866.22,1705163.49,688272.81,633620.02,234638.4,4224560.94,1.0,4224560.94,1244,519.9,645,0.5086,0.8824,10.0,PROP-BLR-03,Electronic City Systems Hub,103,3,9350.0,1100,Owned,India,India,Bengaluru,451.82,3840.51,8125.72
3134,20250301,9,INR,10327500.0,1359432.94,1986870.2,938706.01,542793.78,351058.22,15506361.15,1.0,15506361.15,1522,790.5,1054,0.6435,1.0,60.0,PROP-MAA-01,OMR Cyber Gateway,104,2,11475.0,1280,Leased,India,India,Chennai,1351.32,12114.34,19615.89
3135,20250301,10,INR,5418750.0,712484.35,1104406.57,513192.45,282688.69,183109.63,8214631.69,1.0,8214631.69,816,305.0,378,0.431,0.7879,0.0,PROP-MAA-02,Guindy Industrial Square,104,3,6375.0,750,Leased,India,India,Chennai,1288.57,10952.84,26933.22
3136,20250301,11,INR,13600000.0,1778359.02,2379509.61,1221530.38,683001.5,447464.27,20109864.78,1.0,20109864.78,1940,1065.1,1379,0.7222,1.0,85.0,PROP-HYD-01,HITEC City Cyber Horizon,105,2,13600.0,1500,Leased,India,India,Hyderabad,1478.67,13406.58,18880.73
3137,20250301,12,INR,4862000.0,595194.7,824944.05,409607.51,374015.8,143969.13,7209731.19,1.0,7209731.19,528,230.5,326,0.5518,1.0,60.0,PROP-HYD-02,Gachibowli Financial Hub,105,4,4420.0,420,Leased,India,India,Hyderabad,1631.16,17166.03,31278.66
3138,20250301,13,INR,14662500.0,1870262.54,1727383.35,1284028.87,744151.91,464577.17,20752903.84,1.0,20752903.84,1294,594.0,795,0.6502,1.0,85.0,PROP-DEL-01,Gurugram Cyber City Tower 8,106,1,9775.0,980,Leased,India,India,Delhi NCR,2123.06,21176.43,34937.55
3139,20250301,14,INR,5984000.0,928588.55,1320547.27,640345.91,376526.23,225151.63,9475159.59,1.0,9475159.59,915,393.0,490,0.4743,0.8125,0.0,PROP-DEL-02,Noida Express Commercial Tower,106,3,7480.0,850,Leased,India,India,Delhi NCR,1266.73,11147.25,24109.82
3140,20250301,15,SGD,810000.0,98101.88,117783.84,68178.87,40491.8,25329.55,1159885.94,63.5,73652757.19,690,331.3,448,0.7381,1.0,85.0,PROP-SGP-01,Marina Bay Financial Centre Tower 2,201,1,5400.0,480,Leased,Asia-Pacific,Singapore,Singapore,13639.4,153443.24,222314.39
3141,20250301,16,SGD,343000.0,58712.45,111109.06,41379.51,36520.81,14624.3,605346.13,63.5,38439479.26,647,297.7,388,0.617,1.0,60.0,PROP-SGP-02,Changi Business Hub,201,2,4900.0,520,Leased,Asia-Pacific,Singapore,Singapore,7844.79,73922.08,129121.53
3142,20250301,17,MYR,348000.0,61515.08,64574.16,42312.65,24544.91,15788.2,556735.0,18.2,10132577.0,527,237.3,312,0.5727,1.0,60.0,PROP-KUL-01,KL Sentral Corporate Suites,202,1,4350.0,420,Leased,Asia-Pacific,Malaysia,Kuala Lumpur,2329.33,24125.18,42699.44
3143,20250301,18,MYR,397800.0,72916.22,102871.94,50366.22,29691.63,17776.25,671422.26,18.2,12219885.13,903,369.4,479,0.4988,0.8857,15.0,PROP-KUL-02,Bangsar South Tech Centre,202,3,6630.0,780,Leased,Asia-Pacific,Malaysia,Kuala Lumpur,1843.12,15666.52,33080.36
3144,20250301,19,THB,3500000.0,413096.61,473863.05,289192.13,163237.69,106269.55,4945659.03,2.35,11622298.72,418,165.5,233,0.5417,1.0,60.0,PROP-BKK-01,Sathorn Square Tower,203,4,3500.0,320,Leased,Asia-Pacific,Thailand,Bangkok,3320.66,36319.68,70225.37
3145,20250301,20,THB,3825000.0,492627.78,740718.04,348529.23,306315.09,117455.49,5830645.63,2.35,13702017.23,637,242.1,301,0.4262,0.7391,0.0,PROP-BKK-02,Asoke Exchange Office Suites,203,3,5100.0,580,Leased,Asia-Pacific,Thailand,Bangkok,2686.67,23624.17,56596.52
3146,20250301,21,IDR,1215000000.0,223491595.7,260115454.68,155471329.92,88618018.38,55001459.49,1997697858.17,0.0053,10587798.65,518,236.6,322,0.6235,1.0,60.0,PROP-JKT-01,Sudirman SCBD One Pacific,204,4,4050.0,380,Leased,Asia-Pacific,Indonesia,Jakarta,2614.27,27862.63,44749.78
3147,20250301,22,IDR,1530000000.0,292407802.93,394961171.37,202631295.08,122557482.37,70634536.25,2613192288.0,0.0053,13849919.13,776,368.1,456,0.559,0.989,60.0,PROP-JKT-02,Kuningan Tech Office Hub,204,3,6120.0,700,Leased,Asia-Pacific,Indonesia,Jakarta,2263.06,19785.6,37625.43
3148,20250301,23,AUD,734500.0,126040.77,141438.29,86770.23,50424.35,32306.27,1171479.91,55.2,64665691.03,687,316.3,426,0.6586,1.0,70.0,PROP-SYD-01,Barangaroo International Tower 3,205,1,5650.0,510,Leased,Asia-Pacific,Australia,Sydney,11445.26,126795.47,204444.17
3149,20250301,24,AUD,372000.0,73559.64,114149.77,50085.09,48814.85,18874.64,677483.99,55.2,37397116.25,589,278.7,370,0.5806,1.0,60.0,PROP-SYD-02,Macquarie Park Tech Pavilion,205,2,4650.0,480,Leased,Asia-Pacific,Australia,Sydney,8042.39,77910.66,134184.13
3150,20250301,25,INR,2720000.0,374468.67,579759.56,267742.71,155364.35,90487.35,4187822.64,1.0,4187822.64,388,150.6,208,0.4794,0.9455,30.0,PROP-PNQ-03,Kalyani Nagar Gateway,102,4,3200.0,310,Leased,India,India,Pune,1308.69,13509.11,27807.59
3151,20250401,1,INR,17000000.0,1498701.68,1524900.48,1040361.79,580705.43,382823.36,22027492.74,1.0,22027492.74,815,354.4,473,0.6145,1.0,66.67,PROP-BOM-01,Nariman Point Business Centre,101,1,6800.0,620,Leased,India,India,Mumbai,3239.34,35528.21,62154.32
3152,20250401,2,INR,10500000.0,886391.13,870415.05,611986.14,359757.92,222723.56,13451273.8,1.0,13451273.8,477,152.4,222,0.4715,1.0,57.14,PROP-BOM-02,BKC Central Tower B,101,4,3750.0,340,Leased,India,India,Mumbai,3587.01,39562.57,88262.95
3153,20250401,3,INR,14833333.33,1672851.42,2328574.85,1169677.82,690708.46,432045.44,21127191.32,1.0,21127191.32,1476,868.3,1069,0.7626,1.0,85.71,PROP-BOM-03,Powai Horizon Office Park,101,3,10600.0,1250,Leased,India,India,Mumbai,1993.13,16901.75,24331.67
3154,20250401,4,INR,0.0,1703521.34,3588484.27,1166504.99,663054.54,445623.35,7567188.49,1.0,7567188.49,2137,1105.9,1433,0.6885,1.0,76.19,PROP-PNQ-01,Hinjawadi Tech Campus A,102,2,15500.0,1720,Owned,India,India,Pune,488.21,4399.53,6842.56
3155,20250401,5,INR,6240000.0,895787.82,1687442.53,634084.29,351511.62,222531.08,10031357.34,1.0,10031357.34,1044,362.0,452,0.4028,0.6912,0.0,PROP-PNQ-02,Magarpatta Enterprise Park,102,3,7800.0,950,Leased,India,India,Pune,1286.07,10559.32,27710.93
3156,20250401,6,INR,19635000.0,2413580.5,4115833.66,1723598.22,927699.08,580485.66,29396197.12,1.0,29396197.12,2647,1424.3,1886,0.7848,1.0,85.71,PROP-BLR-01,Whitefield Innovation Campus Tower 1,103,2,17850.0,1980,Leased,India,India,Bengaluru,1646.85,14846.56,20639.05
3157,20250401,7,INR,14280000.0,1689876.45,2615904.74,1176529.44,645514.7,428009.6,20835834.93,1.0,20835834.93,1690,938.1,1229,0.7336,1.0,76.19,PROP-BLR-02,Outer Ring Road Alpha Center,103,2,11900.0,1320,Leased,India,India,Bengaluru,1750.91,15784.72,22210.68
3158,20250401,8,INR,0.0,977537.61,2069275.94,703052.9,397263.56,238774.25,4385904.26,1.0,4385904.26,1242,547.6,676,0.5187,0.8987,19.05,PROP-BLR-03,Electronic City Systems Hub,103,3,9350.0,1100,Owned,India,India,Bengaluru,469.08,3987.19,8009.32
3159,20250401,9,INR,10327500.0,1370005.14,2489342.31,955264.16,573042.82,354689.81,16069844.24,1.0,16069844.24,1527,793.4,1059,0.6576,1.0,66.67,PROP-MAA-01,OMR Cyber Gateway,104,2,11475.0,1280,Leased,India,India,Chennai,1400.42,12554.57,20254.4
3160,20250401,10,INR,5418750.0,701379.86,1439161.35,503379.88,290281.72,178117.71,8531070.52,1.0,8531070.52,815,320.4,398,0.4467,0.8,0.0,PROP-MAA-02,Guindy Industrial Square,104,3,6375.0,750,Leased,India,India,Chennai,1338.21,11374.76,26626.31
3161,20250401,11,INR,13600000.0,1792713.63,3113166.21,1244597.11,701480.36,466991.75,20918949.06,1.0,20918949.06,1938,1040.6,1396,0.7431,1.0,85.71,PROP-HYD-01,HITEC City Cyber Horizon,105,2,13600.0,1500,Leased,India,India,Hyderabad,1538.16,13945.97,20102.78
3162,20250401,12,INR,4862000.0,599948.0,964094.31,411356.57,228424.38,144673.91,7210497.17,1.0,7210497.17,529,215.1,306,0.5636,1.0,66.67,PROP-HYD-02,Gachibowli Financial Hub,105,4,4420.0,420,Leased,India,India,Hyderabad,1631.33,17167.85,33521.6
3163,20250401,13,INR,14662500.0,1873198.96,2277973.76,1315721.16,748320.66,469058.49,21346773.03,1.0,21346773.03,1292,617.8,835,0.6675,1.0,80.95,PROP-DEL-01,Gurugram Cyber City Tower 8,106,1,9775.0,980,Leased,India,India,Delhi NCR,2183.81,21782.42,34552.89
3164,20250401,14,INR,5984000.0,936821.92,1687278.21,653119.14,358456.91,228955.03,9848631.21,1.0,9848631.21,914,377.9,481,0.4899,0.8393,0.0,PROP-DEL-02,Noida Express Commercial Tower,106,3,7480.0,850,Leased,India,India,Delhi NCR,1316.66,11586.62,26061.47
3165,20250401,15,SGD,810000.0,97625.01,152355.49,68575.31,40102.0,24295.72,1192953.53,63.5,75752549.16,692,343.2,466,0.7521,1.0,85.71,PROP-SGP-01,Marina Bay Financial Centre Tower 2,201,1,5400.0,480,Leased,Asia-Pacific,Singapore,Singapore,14028.25,157817.81,220724.21
3166,20250401,16,SGD,343000.0,58281.4,133778.67,40880.11,22725.7,14298.41,612964.29,63.5,38923232.42,646,316.4,409,0.6266,1.0,66.67,PROP-SGP-02,Changi Business Hub,201,2,4900.0,520,Leased,Asia-Pacific,Singapore,Singapore,7943.52,74852.37,123019.07
3167,20250401,17,MYR,348000.0,60143.68,80246.99,41081.94,23309.51,14489.03,567271.15,18.2,10324334.93,527,236.4,319,0.5852,1.0,66.67,PROP-KUL-01,KL Sentral Corporate Suites,202,1,4350.0,420,Leased,Asia-Pacific,Malaysia,Kuala Lumpur,2373.41,24581.75,43673.16
3168,20250401,18,MYR,397800.0,73558.21,124541.41,52038.23,28651.31,18265.88,694855.04,18.2,12646361.73,906,365.8,461,0.5096,0.8667,23.81,PROP-KUL-02,Bangsar South Tech Centre,202,3,6630.0,780,Leased,Asia-Pacific,Malaysia,Kuala Lumpur,1907.45,16213.28,34571.79
3169,20250401,19,THB,3500000.0,424697.65,591085.96,299934.21,176758.29,104111.48,5096587.59,2.35,11976980.84,417,162.0,235,0.5554,1.0,71.43,PROP-BKK-01,Sathorn Square Tower,203,4,3500.0,320,Leased,Asia-Pacific,Thailand,Bangkok,3421.99,37428.07,73931.98
3170,20250401,20,THB,3825000.0,489299.26,862367.28,333393.43,203049.89,117622.74,5830732.6,2.35,13702221.61,636,245.5,296,0.4363,0.8,0.0,PROP-BKK-02,Asoke Exchange Office Suites,203,3,5100.0,580,Leased,Asia-Pacific,Thailand,Bangkok,2686.71,23624.52,55813.53
3171,20250401,21,IDR,1215000000.0,226618445.95,330859948.04,161858022.68,91799574.32,56587985.2,2082723976.19,0.0053,11038437.07,519,231.0,308,0.6327,1.0,66.67,PROP-JKT-01,Sudirman SCBD One Pacific,204,4,4050.0,380,Leased,Asia-Pacific,Indonesia,Jakarta,2725.54,29048.52,47785.44
3172,20250401,22,IDR,1530000000.0,296392905.19,503691426.47,209543750.73,122736152.24,73734287.09,2736098521.72,0.0053,14501322.17,775,369.4,463,0.5789,1.0,66.67,PROP-JKT-02,Kuningan Tech Office Hub,204,3,6120.0,700,Leased,Asia-Pacific,Indonesia,Jakarta,2369.5,20716.17,39256.42
3173,20250401,23,AUD,734500.0,124344.07,182021.48,88017.83,49703.79,31296.01,1209883.18,55.2,66785551.54,686,316.9,430,0.6777,1.0,80.95,PROP-SYD-01,Barangaroo International Tower 3,205,1,5650.0,510,Leased,Asia-Pacific,Australia,Sydney,11820.45,130952.06,210746.45
3174,20250401,24,AUD,372000.0,74011.14,142888.49,52887.58,29920.66,18120.71,689828.58,55.2,38078537.62,590,264.9,350,0.5915,1.0,66.67,PROP-SYD-02,Macquarie Park Tech Pavilion,205,2,4650.0,480,Leased,Asia-Pacific,Australia,Sydney,8188.93,79330.29,143746.84
3175,20250401,25,INR,2720000.0,374282.42,718064.49,254626.85,156693.27,92085.5,4315752.53,1.0,4315752.53,388,144.9,205,0.4965,0.9167,38.1,PROP-PNQ-03,Kalyani Nagar Gateway,102,4,3200.0,310,Leased,India,India,Pune,1348.67,13921.78,29784.35
3176,20250501,1,INR,17000000.0,1509750.21,1537954.0,1063791.29,627711.6,381152.68,22120359.78,1.0,22120359.78,814,351.6,487,0.5518,1.0,57.14,PROP-BOM-01,Nariman Point Business Centre,101,1,6800.0,620,Leased,India,India,Mumbai,3252.99,35678.0,62913.42
3177,20250501,2,INR,10500000.0,901277.96,823036.84,614422.92,359957.79,222788.2,13421483.71,1.0,13421483.71,477,150.0,222,0.4183,1.0,28.57,PROP-BOM-02,BKC Central Tower B,101,4,3750.0,340,Leased,India,India,Mumbai,3579.06,39474.95,89476.56
3178,20250501,3,INR,14833333.33,1723774.22,2402144.61,1187909.49,673760.36,448075.4,21268997.41,1.0,21268997.41,1480,900.4,1060,0.6887,1.0,66.67,PROP-BOM-03,Powai Horizon Office Park,101,3,10600.0,1250,Leased,India,India,Mumbai,2006.51,17015.2,23621.72
3179,20250501,4,INR,0.0,1722041.51,3417667.72,1227569.54,672000.38,442462.39,7481741.54,1.0,7481741.54,2135,1144.1,1513,0.619,1.0,57.14,PROP-PNQ-01,Hinjawadi Tech Campus A,102,2,15500.0,1720,Owned,India,India,Pune,482.69,4349.85,6539.41
3180,20250501,5,INR,6240000.0,890655.93,1796449.9,630179.74,363643.11,211604.62,10132533.3,1.0,10132533.3,1043,364.8,454,0.3643,0.68,0.0,PROP-PNQ-02,Magarpatta Enterprise Park,102,3,7800.0,950,Leased,India,India,Pune,1299.04,10665.82,27775.58
3181,20250501,6,INR,19635000.0,2415303.35,4157464.53,1670725.56,942400.79,622529.6,29443423.83,1.0,29443423.83,2655,1446.9,1875,0.7066,1.0,76.19,PROP-BLR-01,Whitefield Innovation Campus Tower 1,103,2,17850.0,1980,Leased,India,India,Bengaluru,1649.49,14870.42,20349.31
3182,20250501,7,INR,14280000.0,1682929.48,2730091.3,1153452.32,670232.81,410125.8,20926831.71,1.0,20926831.71,1688,907.4,1190,0.6549,1.0,76.19,PROP-BLR-02,Outer Ring Road Alpha Center,103,2,11900.0,1320,Leased,India,India,Bengaluru,1758.56,15853.66,23062.41
3183,20250501,8,INR,0.0,1000382.74,2105760.77,708249.11,407746.22,254799.25,4476938.09,1.0,4476938.09,1241,526.7,650,0.4674,0.8481,0.0,PROP-BLR-03,Electronic City Systems Hub,103,3,9350.0,1100,Owned,India,India,Bengaluru,478.82,4069.94,8499.98
3184,20250501,9,INR,10327500.0,1397264.87,2642530.35,986136.34,559365.37,342309.39,16255106.32,1.0,16255106.32,1531,797.9,1051,0.5902,1.0,57.14,PROP-MAA-01,OMR Cyber Gateway,104,2,11475.0,1280,Leased,India,India,Chennai,1416.57,12699.3,20372.36
3185,20250501,10,INR,5418750.0,697861.03,1377233.79,475610.98,289090.98,177403.43,8435950.21,1.0,8435950.21,814,314.4,389,0.4055,0.7463,0.0,PROP-MAA-02,Guindy Industrial Square,104,3,6375.0,750,Leased,India,India,Chennai,1323.29,11247.93,26831.9
3186,20250501,11,INR,13600000.0,1746165.46,3047235.49,1217171.72,721657.9,428371.39,20760601.96,1.0,20760601.96,1936,1066.7,1416,0.6681,1.0,76.19,PROP-HYD-01,HITEC City Cyber Horizon,105,2,13600.0,1500,Leased,India,India,Hyderabad,1526.51,13840.4,19462.46
3187,20250501,12,INR,4862000.0,608098.77,983235.13,418508.57,248121.25,150362.05,7270325.77,1.0,7270325.77,531,216.8,302,0.5025,1.0,57.14,PROP-HYD-02,Gachibowli Financial Hub,105,4,4420.0,420,Leased,India,India,Hyderabad,1644.87,17310.3,33534.71
3188,20250501,13,INR,14662500.0,1890386.63,2199166.85,1345637.06,767539.39,476906.1,21342136.03,1.0,21342136.03,1291,606.2,833,0.6017,1.0,61.9,PROP-DEL-01,Gurugram Cyber City Tower 8,106,1,9775.0,980,Leased,India,India,Delhi NCR,2183.34,21777.69,35206.43
3189,20250501,14,INR,5984000.0,945644.96,1677308.65,654959.38,359754.48,245343.78,9867011.25,1.0,9867011.25,914,385.8,489,0.4421,0.8235,0.0,PROP-DEL-02,Noida Express Commercial Tower,106,3,7480.0,850,Leased,India,India,Delhi NCR,1319.12,11608.25,25575.46
3190,20250501,15,SGD,810000.0,96875.37,151256.92,68679.49,37816.95,25035.45,1189664.18,63.5,75543675.43,694,349.2,463,0.6723,1.0,71.43,PROP-SGP-01,Marina Bay Financial Centre Tower 2,201,1,5400.0,480,Leased,Asia-Pacific,Singapore,Singapore,13989.57,157382.66,216333.55
3191,20250501,16,SGD,343000.0,57758.26,139838.69,39545.49,23080.13,14577.59,617800.16,63.5,39230310.16,645,309.7,407,0.5649,1.0,57.14,PROP-SGP-02,Changi Business Hub,201,2,4900.0,520,Leased,Asia-Pacific,Singapore,Singapore,8006.19,75442.9,126671.97
3192,20250501,17,MYR,348000.0,61230.37,84297.02,43720.25,25348.15,14879.65,577475.44,18.2,10510053.01,526,238.4,314,0.533,1.0,57.14,PROP-KUL-01,KL Sentral Corporate Suites,202,1,4350.0,420,Leased,Asia-Pacific,Malaysia,Kuala Lumpur,2416.1,25023.94,44085.79
3193,20250501,18,MYR,397800.0,74067.72,127571.94,51476.5,30392.71,18145.58,699454.45,18.2,12730070.99,909,370.6,469,0.4597,0.8571,4.76,PROP-KUL-02,Bangsar South Tech Centre,202,3,6630.0,780,Leased,Asia-Pacific,Malaysia,Kuala Lumpur,1920.07,16320.6,34349.89
3194,20250501,19,THB,3500000.0,423423.78,593198.34,288094.08,169198.25,104273.93,5078188.38,2.35,11933742.69,417,164.9,230,0.5,1.0,57.14,PROP-BKK-01,Sathorn Square Tower,203,4,3500.0,320,Leased,Asia-Pacific,Thailand,Bangkok,3409.64,37292.95,72369.57
3195,20250501,20,THB,3825000.0,476982.76,906126.71,341845.48,184976.27,121793.84,5856725.06,2.35,13763303.89,636,234.7,285,0.3905,0.7333,0.0,PROP-BKK-02,Asoke Exchange Office Suites,203,3,5100.0,580,Leased,Asia-Pacific,Thailand,Bangkok,2698.69,23729.83,58642.11
3196,20250501,21,IDR,1215000000.0,224335183.83,316206385.84,159957619.76,91353209.71,55429239.55,2062281638.69,0.0053,10930092.69,521,233.7,310,0.5805,1.0,57.14,PROP-JKT-01,Sudirman SCBD One Pacific,204,4,4050.0,380,Leased,Asia-Pacific,Indonesia,Jakarta,2698.79,28763.4,46769.76
3197,20250501,22,IDR,1530000000.0,298114239.23,479845866.37,209816613.34,116458543.85,74003103.85,2708238366.64,0.0053,14353663.34,775,364.7,460,0.5221,0.9286,52.38,PROP-JKT-02,Kuningan Tech Office Hub,204,3,6120.0,700,Leased,Asia-Pacific,Indonesia,Jakarta,2345.37,20505.23,39357.45
3198,20250501,23,AUD,734500.0,123440.31,173517.97,86436.91,50980.13,30411.85,1199287.17,55.2,66200651.78,685,332.5,437,0.6123,1.0,57.14,PROP-SYD-01,Barangaroo International Tower 3,205,1,5650.0,510,Leased,Asia-Pacific,Australia,Sydney,11716.93,129805.2,199099.7
3199,20250501,24,AUD,372000.0,73377.68,141278.01,51377.92,29807.13,18083.03,685923.77,55.2,37862992.1,592,260.5,335,0.5326,0.9825,52.38,PROP-SYD-02,Macquarie Park Tech Pavilion,205,2,4650.0,480,Leased,Asia-Pacific,Australia,Sydney,8142.58,78881.23,145347.38
3200,20250501,25,INR,2720000.0,374635.01,735048.53,265624.3,143537.41,95849.76,4334695.01,1.0,4334695.01,387,143.6,202,0.4393,0.9167,19.05,PROP-PNQ-03,Kalyani Nagar Gateway,102,4,3200.0,310,Leased,India,India,Pune,1354.59,13982.89,30185.9
3201,20250601,1,INR,17000000.0,1524125.47,1504120.96,1042437.79,624469.11,391059.82,22086213.15,1.0,22086213.15,813,363.3,483,0.5613,1.0,57.14,PROP-BOM-01,Nariman Point Business Centre,101,1,6800.0,620,Leased,India,India,Mumbai,3247.97,35622.92,60793.32
3202,20250601,2,INR,10500000.0,891125.85,821542.17,640519.42,348545.62,211854.31,13413587.37,1.0,13413587.37,476,145.0,213,0.4309,0.9167,28.57,PROP-BOM-02,BKC Central Tower B,101,4,3750.0,340,Leased,India,India,Mumbai,3576.96,39451.73,92507.5
3203,20250601,3,INR,14833333.33,1719080.55,2317600.28,1216049.81,689537.8,431853.65,21207455.42,1.0,21207455.42,1485,915.0,1099,0.6957,1.0,61.9,PROP-BOM-03,Powai Horizon Office Park,101,3,10600.0,1250,Leased,India,India,Mumbai,2000.7,16965.96,23177.55
3204,20250601,4,INR,0.0,1734663.62,3423502.98,1236074.03,678923.65,447342.67,7520506.95,1.0,7520506.95,2133,1076.1,1438,0.6253,1.0,61.9,PROP-PNQ-01,Hinjawadi Tech Campus A,102,2,15500.0,1720,Owned,India,India,Pune,485.19,4372.39,6988.67
3205,20250601,5,INR,6240000.0,886152.71,1705054.48,623321.37,342619.96,214042.24,10011190.76,1.0,10011190.76,1042,358.1,439,0.3692,0.7,0.0,PROP-PNQ-02,Magarpatta Enterprise Park,102,3,7800.0,950,Leased,India,India,Pune,1283.49,10538.1,27956.41
3206,20250601,6,INR,19635000.0,2396169.09,3969488.3,1646959.65,979282.23,595365.07,29222264.34,1.0,29222264.34,2662,1473.2,1928,0.7155,1.0,80.95,PROP-BLR-01,Whitefield Innovation Campus Tower 1,103,2,17850.0,1980,Leased,India,India,Bengaluru,1637.1,14758.72,19835.91
3207,20250601,7,INR,14280000.0,1693472.78,2642157.17,1207477.72,659895.48,424533.08,20907536.23,1.0,20907536.23,1686,896.9,1152,0.6631,1.0,66.67,PROP-BLR-02,Outer Ring Road Alpha Center,103,2,11900.0,1320,Leased,India,India,Bengaluru,1756.94,15839.04,23310.89
3208,20250601,8,INR,0.0,962146.08,2089776.04,664725.01,372695.03,229480.48,4318822.64,1.0,4318822.64,1240,552.9,678,0.4727,0.9114,9.52,PROP-BLR-03,Electronic City Systems Hub,103,3,9350.0,1100,Owned,India,India,Bengaluru,461.91,3926.2,7811.22
3209,20250601,9,INR,10327500.0,1391453.7,2500567.88,1002758.88,566803.97,353705.18,16142789.61,1.0,16142789.61,1536,768.9,1027,0.5974,1.0,57.14,PROP-MAA-01,OMR Cyber Gateway,104,2,11475.0,1280,Leased,India,India,Chennai,1406.78,12611.55,20994.65
3210,20250601,10,INR,5418750.0,706782.98,1487183.92,508534.54,295841.16,170415.65,8587508.25,1.0,8587508.25,813,320.8,389,0.4084,0.7333,0.0,PROP-MAA-02,Guindy Industrial Square,104,3,6375.0,750,Leased,India,India,Chennai,1347.06,11450.01,26769.04
3211,20250601,11,INR,13600000.0,1786585.92,3062046.42,1260632.92,718540.75,455633.2,20883439.21,1.0,20883439.21,1934,1064.1,1377,0.6774,1.0,80.95,PROP-HYD-01,HITEC City Cyber Horizon,105,2,13600.0,1500,Leased,India,India,Hyderabad,1535.55,13922.29,19625.45
3212,20250601,12,INR,4862000.0,591167.52,998222.12,421228.87,246874.09,153086.47,7272579.07,1.0,7272579.07,532,228.2,315,0.5082,1.0,57.14,PROP-HYD-02,Gachibowli Financial Hub,105,4,4420.0,420,Leased,India,India,Hyderabad,1645.38,17315.66,31869.32
3213,20250601,13,INR,14662500.0,1841418.85,2212808.14,1309942.06,716123.62,469075.19,21211867.86,1.0,21211867.86,1290,608.9,833,0.6138,1.0,57.14,PROP-DEL-01,Gurugram Cyber City Tower 8,106,1,9775.0,980,Leased,India,India,Delhi NCR,2170.01,21644.76,34836.37
3214,20250601,14,INR,5984000.0,920034.04,1691937.8,632961.42,364545.24,237479.63,9830958.13,1.0,9830958.13,913,405.4,513,0.4404,0.8235,0.0,PROP-DEL-02,Noida Express Commercial Tower,106,3,7480.0,850,Leased,India,India,Delhi NCR,1314.3,11565.83,24250.02
3215,20250601,15,SGD,810000.0,97697.71,146424.87,69261.78,39890.1,23751.29,1187025.75,63.5,75376135.12,696,344.4,456,0.6873,1.0,76.19,PROP-SGP-01,Marina Bay Financial Centre Tower 2,201,1,5400.0,480,Leased,Asia-Pacific,Singapore,Singapore,13958.54,157033.61,218862.18
3216,20250601,16,SGD,343000.0,59921.18,130519.94,41688.04,23743.74,15714.15,614587.05,63.5,39026277.68,645,303.9,397,0.5715,1.0,57.14,PROP-SGP-02,Changi Business Hub,201,2,4900.0,520,Leased,Asia-Pacific,Singapore,Singapore,7964.55,75050.53,128418.16
3217,20250601,17,MYR,348000.0,62067.33,84016.66,44108.4,24879.64,15810.35,578882.38,18.2,10535659.32,526,240.1,326,0.5326,1.0,57.14,PROP-KUL-01,KL Sentral Corporate Suites,202,1,4350.0,420,Leased,Asia-Pacific,Malaysia,Kuala Lumpur,2421.99,25084.9,43880.3
3218,20250601,18,MYR,397800.0,73966.29,120924.16,52303.69,30448.24,18976.48,694418.86,18.2,12638423.25,911,379.7,472,0.4647,0.8641,4.76,PROP-KUL-02,Bangsar South Tech Centre,202,3,6630.0,780,Leased,Asia-Pacific,Malaysia,Kuala Lumpur,1906.25,16203.11,33285.29
3219,20250601,19,THB,3500000.0,418823.43,616881.44,294400.53,163061.12,100900.28,5094066.8,2.35,11971056.98,417,163.4,231,0.5124,0.9825,57.14,PROP-BKK-01,Sathorn Square Tower,203,4,3500.0,320,Leased,Asia-Pacific,Thailand,Bangkok,3420.3,37409.55,73262.28
3220,20250601,20,THB,3825000.0,488205.22,867938.05,333431.2,197141.53,123334.49,5835050.49,2.35,13712368.65,635,235.4,289,0.3965,0.6765,0.0,PROP-BKK-02,Asoke Exchange Office Suites,203,3,5100.0,580,Leased,Asia-Pacific,Thailand,Bangkok,2688.7,23642.01,58251.35
3221,20250601,21,IDR,1215000000.0,219638708.42,320419719.03,155656880.68,89573096.91,52518888.6,2052807293.64,0.0053,10879878.66,522,230.0,313,0.5865,1.0,66.67,PROP-JKT-01,Sudirman SCBD One Pacific,204,4,4050.0,380,Leased,Asia-Pacific,Indonesia,Jakarta,2686.39,28631.26,47303.82
3222,20250601,22,IDR,1530000000.0,296618932.03,494743099.01,204242929.17,114786381.49,73851524.16,2714242865.86,0.0053,14385487.19,774,364.0,450,0.5177,0.9286,47.62,PROP-JKT-02,Kuningan Tech Office Hub,204,3,6120.0,700,Leased,Asia-Pacific,Indonesia,Jakarta,2350.57,20550.7,39520.57
3223,20250601,23,AUD,734500.0,126098.22,179651.27,89503.5,50356.02,32887.91,1212996.92,55.2,66957429.98,684,330.3,453,0.6137,1.0,57.14,PROP-SYD-01,Barangaroo International Tower 3,205,1,5650.0,510,Leased,Asia-Pacific,Australia,Sydney,11850.87,131289.08,202717.01
3224,20250601,24,AUD,372000.0,74794.98,149174.76,52621.39,29602.89,18656.89,696850.91,55.2,38466170.23,594,279.0,355,0.5418,0.9825,52.38,PROP-SYD-02,Macquarie Park Tech Pavilion,205,2,4650.0,480,Leased,Asia-Pacific,Australia,Sydney,8272.29,80137.85,137871.58
3225,20250601,25,INR,2720000.0,372895.43,708511.44,255042.03,144993.35,91994.81,4293437.06,1.0,4293437.06,387,148.3,201,0.4497,1.0,4.76,PROP-PNQ-03,Kalyani Nagar Gateway,102,4,3200.0,310,Leased,India,India,Pune,1341.7,13849.8,28951.03
3226,20250701,1,INR,17000000.0,1478737.67,1504932.89,1008327.23,608295.67,379656.86,21979950.32,1.0,21979950.32,813,346.0,472,0.6075,1.0,65.22,PROP-BOM-01,Nariman Point Business Centre,101,1,6800.0,620,Leased,India,India,Mumbai,3232.35,35451.53,63525.87
3227,20250701,2,INR,10500000.0,911858.81,844407.13,628694.37,356761.84,238320.02,13480042.17,1.0,13480042.17,476,149.6,213,0.4574,0.9333,39.13,PROP-BOM-02,BKC Central Tower B,101,4,3750.0,340,Leased,India,India,Mumbai,3594.68,39647.18,90107.23
3228,20250701,3,INR,14833333.33,1693614.1,2387649.47,1201700.16,646270.51,440406.0,21202973.57,1.0,21202973.57,1489,912.6,1090,0.7543,1.0,78.26,PROP-BOM-03,Powai Horizon Office Park,101,3,10600.0,1250,Leased,India,India,Mumbai,2000.28,16962.38,23233.59
3229,20250701,4,INR,0.0,1721036.94,3610287.1,1177640.56,675162.04,425747.32,7609873.96,1.0,7609873.96,2131,1119.4,1440,0.6837,1.0,78.26,PROP-PNQ-01,Hinjawadi Tech Campus A,102,2,15500.0,1720,Owned,India,India,Pune,490.96,4424.35,6798.17
3230,20250701,5,INR,6240000.0,900215.5,1740200.65,616266.44,352625.59,226443.69,10075751.87,1.0,10075751.87,1041,371.0,460,0.3945,0.7794,0.0,PROP-PNQ-02,Magarpatta Enterprise Park,102,3,7800.0,950,Leased,India,India,Pune,1291.76,10606.05,27158.36
3231,20250701,6,INR,19635000.0,2372740.55,3985905.68,1698463.96,911873.18,608543.66,29212527.03,1.0,29212527.03,2670,1453.2,1916,0.7773,1.0,82.61,PROP-BLR-01,Whitefield Innovation Campus Tower 1,103,2,17850.0,1980,Leased,India,India,Bengaluru,1636.56,14753.8,20102.21
3232,20250701,7,INR,14280000.0,1694266.95,2581166.6,1170877.71,670351.38,444556.89,20841219.53,1.0,20841219.53,1685,945.5,1186,0.7211,1.0,78.26,PROP-BLR-02,Outer Ring Road Alpha Center,103,2,11900.0,1320,Leased,India,India,Bengaluru,1751.36,15788.8,22042.54
3233,20250701,8,INR,0.0,962567.0,2114087.38,659778.91,400590.83,240342.27,4377366.39,1.0,4377366.39,1239,556.6,706,0.5198,0.8987,26.09,PROP-BLR-03,Electronic City Systems Hub,103,3,9350.0,1100,Owned,India,India,Bengaluru,468.17,3979.42,7864.47
3234,20250701,9,INR,10327500.0,1370269.81,2523147.52,986452.68,570484.07,347763.54,16125617.62,1.0,16125617.62,1540,780.2,1022,0.6509,1.0,69.57,PROP-MAA-01,OMR Cyber Gateway,104,2,11475.0,1280,Leased,India,India,Chennai,1405.28,12598.14,20668.57
3235,20250701,10,INR,5418750.0,691144.07,1468768.35,471409.86,269381.11,169838.75,8489292.14,1.0,8489292.14,813,304.8,365,0.437,0.8571,4.35,PROP-MAA-02,Guindy Industrial Square,104,3,6375.0,750,Leased,India,India,Chennai,1331.65,11319.06,27852.01
3236,20250701,11,INR,13600000.0,1747366.56,3112589.87,1189233.13,708657.51,451558.51,20809405.58,1.0,20809405.58,1932,1059.8,1403,0.7352,1.0,82.61,PROP-HYD-01,HITEC City Cyber Horizon,105,2,13600.0,1500,Leased,India,India,Hyderabad,1530.1,13872.94,19635.22
3237,20250701,12,INR,4862000.0,598432.74,995887.38,417125.45,236482.01,145235.34,7255162.92,1.0,7255162.92,534,225.6,312,0.5606,1.0,65.22,PROP-HYD-02,Gachibowli Financial Hub,105,4,4420.0,420,Leased,India,India,Hyderabad,1641.44,17274.2,32159.41
3238,20250701,13,INR,14662500.0,1890114.98,2165598.48,1289790.08,766966.3,453926.89,21228896.73,1.0,21228896.73,1288,638.9,861,0.6582,1.0,69.57,PROP-DEL-01,Gurugram Cyber City Tower 8,106,1,9775.0,980,Leased,India,India,Delhi NCR,2171.75,21662.14,33227.26
3239,20250701,14,INR,5984000.0,942849.15,1639242.56,672672.6,387314.78,227715.05,9853794.14,1.0,9853794.14,912,401.0,510,0.484,0.8684,4.35,PROP-DEL-02,Noida Express Commercial Tower,106,3,7480.0,850,Leased,India,India,Delhi NCR,1317.35,11592.7,24573.05
3240,20250701,15,SGD,810000.0,95372.29,153396.51,65241.93,39329.81,23366.11,1186706.65,63.5,75355872.27,698,346.7,451,0.7422,1.0,82.61,PROP-SGP-01,Marina Bay Financial Centre Tower 2,201,1,5400.0,480,Leased,Asia-Pacific,Singapore,Singapore,13954.79,156991.4,217351.81
3241,20250701,16,SGD,343000.0,57968.58,135665.34,39785.75,23450.26,14795.09,614665.02,63.5,39031228.77,644,300.4,384,0.62,1.0,65.22,PROP-SGP-02,Changi Business Hub,201,2,4900.0,520,Leased,Asia-Pacific,Singapore,Singapore,7965.56,75060.06,129930.85
3242,20250701,17,MYR,348000.0,61500.73,82741.24,41862.64,23908.23,16105.84,574118.68,18.2,10448959.98,525,224.6,305,0.5671,1.0,65.22,PROP-KUL-01,KL Sentral Corporate Suites,202,1,4350.0,420,Leased,Asia-Pacific,Malaysia,Kuala Lumpur,2402.06,24878.48,46522.53
3243,20250701,18,MYR,397800.0,72715.1,121918.35,50810.88,29658.29,18946.8,691849.42,18.2,12591659.44,914,363.3,453,0.4979,0.8667,13.04,PROP-KUL-02,Bangsar South Tech Centre,202,3,6630.0,780,Leased,Asia-Pacific,Malaysia,Kuala Lumpur,1899.19,16143.15,34659.12
3244,20250701,19,THB,3500000.0,413854.97,599552.45,291762.86,160483.12,107178.29,5072831.69,2.35,11921154.47,416,164.6,232,0.5493,1.0,65.22,PROP-BKK-01,Sathorn Square Tower,203,4,3500.0,320,Leased,Asia-Pacific,Thailand,Bangkok,3406.04,37253.61,72425.0
3245,20250701,20,THB,3825000.0,490644.18,875457.81,350639.74,194999.32,118629.2,5855370.25,2.35,13760120.09,634,234.0,282,0.4298,0.7971,0.0,PROP-BKK-02,Asoke Exchange Office Suites,203,3,5100.0,580,Leased,Asia-Pacific,Thailand,Bangkok,2698.06,23724.34,58803.93
3246,20250701,21,IDR,1215000000.0,223483527.07,322908251.32,154021669.23,85360801.27,54056237.92,2054830486.81,0.0053,10890601.58,524,230.5,318,0.6307,1.0,69.57,PROP-JKT-01,Sudirman SCBD One Pacific,204,4,4050.0,380,Leased,Asia-Pacific,Indonesia,Jakarta,2689.04,28659.48,47247.73
3247,20250701,22,IDR,1530000000.0,291540163.79,513454644.47,200986848.35,114637540.57,69740334.48,2720359531.66,0.0053,14417905.52,773,389.3,494,0.5677,0.9841,65.22,PROP-JKT-02,Kuningan Tech Office Hub,204,3,6120.0,700,Leased,Asia-Pacific,Indonesia,Jakarta,2355.87,20597.01,37035.46
3248,20250701,23,AUD,734500.0,123593.52,181625.15,84741.71,48980.81,29507.59,1202948.78,55.2,66402772.66,684,318.2,433,0.6701,1.0,69.57,PROP-SYD-01,Barangaroo International Tower 3,205,1,5650.0,510,Leased,Asia-Pacific,Australia,Sydney,11752.7,130201.52,208682.5
3249,20250701,24,AUD,372000.0,74523.76,142375.15,53320.15,30332.46,19017.31,691568.83,55.2,38174599.42,596,262.9,334,0.5908,1.0,65.22,PROP-SYD-02,Macquarie Park Tech Pavilion,205,2,4650.0,480,Leased,Asia-Pacific,Australia,Sydney,8209.59,79530.42,145205.78
3250,20250701,25,INR,2720000.0,374792.3,737418.06,259811.61,148042.75,94404.24,4334468.96,1.0,4334468.96,386,144.9,204,0.4918,0.9455,43.48,PROP-PNQ-03,Kalyani Nagar Gateway,102,4,3200.0,310,Leased,India,India,Pune,1354.52,13982.16,29913.52
3251,20250801,1,INR,17000000.0,1471096.92,1269189.49,1010539.1,613483.17,366702.94,21731011.62,1.0,21731011.62,812,355.9,487,0.5966,1.0,65.0,PROP-BOM-01,Nariman Point Business Centre,101,1,6800.0,620,Leased,India,India,Mumbai,3195.74,35050.02,61059.32
3252,20250801,2,INR,10500000.0,917048.28,661263.33,624026.22,381049.26,233977.03,13317364.12,1.0,13317364.12,475,155.0,226,0.4475,0.9024,45.0,PROP-BOM-02,BKC Central Tower B,101,4,3750.0,340,Leased,India,India,Mumbai,3551.3,39168.72,85918.48
3253,20250801,3,INR,14833333.33,1665606.53,1882802.47,1166335.37,674759.75,417757.52,20640594.97,1.0,20640594.97,1494,882.8,1067,0.7334,1.0,70.0,PROP-BOM-03,Powai Horizon Office Park,101,3,10600.0,1250,Leased,India,India,Mumbai,1947.23,16512.48,23380.83
3254,20250801,4,INR,0.0,1699226.11,2789843.25,1220513.24,673694.87,422352.97,6805630.44,1.0,6805630.44,2128,1084.4,1448,0.6681,1.0,70.0,PROP-PNQ-01,Hinjawadi Tech Campus A,102,2,15500.0,1720,Owned,India,India,Pune,439.07,3956.76,6275.94
3255,20250801,5,INR,6240000.0,906374.87,1433919.44,629981.4,371155.97,219070.16,9800501.84,1.0,9800501.84,1040,374.9,479,0.388,0.7,0.0,PROP-PNQ-02,Magarpatta Enterprise Park,102,3,7800.0,950,Leased,India,India,Pune,1256.47,10316.32,26141.64
3256,20250801,6,INR,19635000.0,2386435.89,3129610.55,1689647.36,910373.14,570535.26,28321602.2,1.0,28321602.2,2678,1424.9,1923,0.7571,1.0,80.0,PROP-BLR-01,Whitefield Innovation Campus Tower 1,103,2,17850.0,1980,Leased,India,India,Bengaluru,1586.64,14303.84,19876.2
3257,20250801,7,INR,14280000.0,1659052.09,2125375.49,1132042.63,637091.08,427688.64,20261249.93,1.0,20261249.93,1683,887.1,1152,0.706,1.0,80.0,PROP-BLR-02,Outer Ring Road Alpha Center,103,2,11900.0,1320,Leased,India,India,Bengaluru,1702.63,15349.43,22839.87
3258,20250801,8,INR,0.0,986323.58,1695512.69,685099.21,393820.69,248857.1,4009613.27,1.0,4009613.27,1238,540.4,689,0.4993,0.9412,25.0,PROP-BLR-03,Electronic City Systems Hub,103,3,9350.0,1100,Owned,India,India,Bengaluru,428.84,3645.1,7419.71
3259,20250801,9,INR,10327500.0,1380124.94,2142847.0,949219.43,572936.47,347197.06,15719824.9,1.0,15719824.9,1545,809.9,1050,0.6347,1.0,60.0,PROP-MAA-01,OMR Cyber Gateway,104,2,11475.0,1280,Leased,India,India,Chennai,1369.92,12281.11,19409.59
3260,20250801,10,INR,5418750.0,696426.9,1168191.77,481720.01,266714.39,174386.95,8206190.02,1.0,8206190.02,812,323.3,390,0.4308,0.8283,0.0,PROP-MAA-02,Guindy Industrial Square,104,3,6375.0,750,Leased,India,India,Chennai,1287.25,10941.59,25382.59
3261,20250801,11,INR,13600000.0,1750699.04,2427175.52,1217137.39,724682.91,456019.59,20175714.45,1.0,20175714.45,1930,1083.3,1450,0.7174,1.0,80.0,PROP-HYD-01,HITEC City Cyber Horizon,105,2,13600.0,1500,Leased,India,India,Hyderabad,1483.51,13450.48,18624.31
3262,20250801,12,INR,4862000.0,588194.71,792830.24,418718.17,238462.08,141095.61,7041300.81,1.0,7041300.81,536,223.4,307,0.5441,1.0,60.0,PROP-HYD-02,Gachibowli Financial Hub,105,4,4420.0,420,Leased,India,India,Hyderabad,1593.05,16765.0,31518.8
3263,20250801,13,INR,14662500.0,1852294.74,1788356.33,1331176.15,752039.81,450732.96,20837099.99,1.0,20837099.99,1287,626.3,876,0.6436,1.0,70.0,PROP-DEL-01,Gurugram Cyber City Tower 8,106,1,9775.0,980,Leased,India,India,Delhi NCR,2131.67,21262.35,33270.16
3264,20250801,14,INR,5984000.0,945959.79,1356094.11,658448.36,374576.46,245856.1,9564934.82,1.0,9564934.82,911,377.7,474,0.4674,0.7895,0.0,PROP-DEL-02,Noida Express Commercial Tower,106,3,7480.0,850,Leased,India,India,Delhi NCR,1278.73,11252.86,25324.16
3265,20250801,15,SGD,810000.0,98754.63,119951.3,67322.38,40456.49,24910.91,1161395.71,63.5,73748627.58,700,352.2,457,0.7306,1.0,80.0,PROP-SGP-01,Marina Bay Financial Centre Tower 2,201,1,5400.0,480,Leased,Asia-Pacific,Singapore,Singapore,13657.15,153642.97,209394.17
3266,20250801,16,SGD,343000.0,58650.55,103664.88,41154.31,24141.74,15171.33,585782.81,63.5,37197208.44,644,297.3,377,0.6081,1.0,60.0,PROP-SGP-02,Changi Business Hub,201,2,4900.0,520,Leased,Asia-Pacific,Singapore,Singapore,7591.27,71533.09,125116.75
3267,20250801,17,MYR,348000.0,61902.55,62863.67,44384.62,24575.88,15573.74,557300.46,18.2,10142868.37,525,238.0,318,0.5667,1.0,65.0,PROP-KUL-01,KL Sentral Corporate Suites,202,1,4350.0,420,Leased,Asia-Pacific,Malaysia,Kuala Lumpur,2331.69,24149.69,42617.09
3268,20250801,18,MYR,397800.0,71885.09,99545.97,50939.73,27678.64,17488.89,665338.32,18.2,12109157.42,917,379.8,479,0.484,0.8667,25.0,PROP-KUL-02,Bangsar South Tech Centre,202,3,6630.0,780,Leased,Asia-Pacific,Malaysia,Kuala Lumpur,1826.42,15524.56,31882.98
3269,20250801,19,THB,3500000.0,422328.62,489633.0,303977.89,168558.41,101470.49,4985968.41,2.35,11717025.76,416,166.8,234,0.5348,1.0,60.0,PROP-BKK-01,Sathorn Square Tower,203,4,3500.0,320,Leased,Asia-Pacific,Thailand,Bangkok,3347.72,36615.71,70245.96
3270,20250801,20,THB,3825000.0,478823.98,719032.21,329992.47,184318.58,119505.54,5656672.78,2.35,13293181.03,634,235.2,284,0.4236,0.7549,0.0,PROP-BKK-02,Asoke Exchange Office Suites,203,3,5100.0,580,Leased,Asia-Pacific,Thailand,Bangkok,2606.51,22919.28,56518.63
3271,20250801,21,IDR,1215000000.0,219798183.7,271842343.1,150844505.53,85839162.57,56798512.83,2000122707.73,0.0053,10600650.35,525,223.5,300,0.6123,1.0,70.0,PROP-JKT-01,Sudirman SCBD One Pacific,204,4,4050.0,380,Leased,Asia-Pacific,Indonesia,Jakarta,2617.44,27896.45,47430.2
3272,20250801,22,IDR,1530000000.0,290736318.78,383194576.29,202389972.44,117174367.92,71615478.65,2595110714.08,0.0053,13754086.78,772,363.6,465,0.5502,1.0,60.0,PROP-JKT-02,Kuningan Tech Office Hub,204,3,6120.0,700,Leased,Asia-Pacific,Indonesia,Jakarta,2247.4,19648.7,37827.52
3273,20250801,23,AUD,734500.0,123141.63,142315.46,86556.37,49448.03,32208.29,1168169.78,55.2,64482971.86,683,317.7,434,0.6598,1.0,70.0,PROP-SYD-01,Barangaroo International Tower 3,205,1,5650.0,510,Leased,Asia-Pacific,Australia,Sydney,11412.92,126437.2,202968.12
3274,20250801,24,AUD,372000.0,73788.95,119618.03,52372.09,29847.28,17932.35,665558.7,55.2,36738840.24,597,262.5,348,0.5708,1.0,60.0,PROP-SYD-02,Macquarie Park Tech Pavilion,205,2,4650.0,480,Leased,Asia-Pacific,Australia,Sydney,7900.83,76539.25,139957.49
3275,20250801,25,INR,2720000.0,370735.92,580111.92,260876.62,150306.54,96167.33,4178198.33,1.0,4178198.33,386,142.6,193,0.4833,0.9167,35.0,PROP-PNQ-03,Kalyani Nagar Gateway,102,4,3200.0,310,Leased,India,India,Pune,1305.69,13478.06,29300.13
3276,20250901,1,INR,17000000.0,1517618.47,1260393.02,1055604.52,606678.93,363038.9,21803333.84,1.0,21803333.84,811,372.1,498,0.5945,1.0,59.09,PROP-BOM-01,Nariman Point Business Centre,101,1,6800.0,620,Leased,India,India,Mumbai,3206.37,35166.67,58595.36
3277,20250901,2,INR,10500000.0,899327.86,675924.11,614377.97,349796.46,225492.23,13264918.63,1.0,13264918.63,475,152.8,225,0.4505,1.0,50.0,PROP-BOM-02,BKC Central Tower B,101,4,3750.0,340,Leased,India,India,Mumbai,3537.31,39014.47,86812.29
3278,20250901,3,INR,14833333.33,1712879.87,1897893.53,1179205.0,689701.28,414283.2,20727296.21,1.0,20727296.21,1498,904.2,1095,0.7366,1.0,77.27,PROP-BOM-03,Powai Horizon Office Park,101,3,10600.0,1250,Leased,India,India,Mumbai,1955.41,16581.84,22923.35
3279,20250901,4,INR,0.0,1684774.57,2879059.46,1164201.96,1121471.88,434573.18,7284081.05,1.0,7284081.05,2126,1112.6,1437,0.6674,1.0,72.73,PROP-PNQ-01,Hinjawadi Tech Campus A,102,2,15500.0,1720,Owned,India,India,Pune,469.94,4234.93,6546.9
3280,20250901,5,INR,6240000.0,903251.51,1457707.13,625594.69,352441.46,235527.05,9814521.84,1.0,9814521.84,1038,364.1,460,0.3902,0.75,0.0,PROP-PNQ-02,Magarpatta Enterprise Park,102,3,7800.0,950,Leased,India,India,Pune,1258.27,10331.08,26955.57
3281,20250901,6,INR,19635000.0,2406127.6,3303948.9,1729307.86,942119.38,606278.4,28622782.14,1.0,28622782.14,2686,1469.7,1945,0.7575,1.0,81.82,PROP-BLR-01,Whitefield Innovation Campus Tower 1,103,2,17850.0,1980,Leased,India,India,Bengaluru,1603.52,14455.95,19475.25
3282,20250901,7,INR,14280000.0,1649108.23,2148416.74,1162266.87,691192.68,409919.55,20340904.07,1.0,20340904.07,1681,913.6,1198,0.7065,1.0,81.82,PROP-BLR-02,Outer Ring Road Alpha Center,103,2,11900.0,1320,Leased,India,India,Bengaluru,1709.32,15409.78,22264.56
3283,20250901,8,INR,0.0,998798.53,1623183.6,690118.13,664244.71,238090.17,4214435.14,1.0,4214435.14,1236,556.2,688,0.499,0.9412,27.27,PROP-BLR-03,Electronic City Systems Hub,103,3,9350.0,1100,Owned,India,India,Bengaluru,450.74,3831.3,7577.19
3284,20250901,9,INR,10327500.0,1350072.94,2078269.23,925406.03,548655.69,340409.35,15570313.24,1.0,15570313.24,1549,823.9,1058,0.6374,1.0,63.64,PROP-MAA-01,OMR Cyber Gateway,104,2,11475.0,1280,Leased,India,India,Chennai,1356.89,12164.31,18898.3
3285,20250901,10,INR,5418750.0,701304.66,1180109.92,494063.11,285080.28,166955.36,8246263.33,1.0,8246263.33,811,319.7,383,0.4352,0.7475,0.0,PROP-MAA-02,Guindy Industrial Square,104,3,6375.0,750,Leased,India,India,Chennai,1293.53,10995.02,25793.75
3286,20250901,11,INR,13600000.0,1771169.46,2453228.87,1264028.76,739285.76,461525.25,20289238.1,1.0,20289238.1,1929,1076.8,1402,0.7174,1.0,81.82,PROP-HYD-01,HITEC City Cyber Horizon,105,2,13600.0,1500,Leased,India,India,Hyderabad,1491.86,13526.16,18842.16
3287,20250901,12,INR,4862000.0,603069.53,774274.07,421270.22,384812.32,147610.86,7193037.0,1.0,7193037.0,537,228.8,323,0.5416,1.0,59.09,PROP-HYD-02,Gachibowli Financial Hub,105,4,4420.0,420,Leased,India,India,Hyderabad,1627.38,17126.28,31438.1
3288,20250901,13,INR,14662500.0,1832533.82,1748467.59,1245513.41,738174.4,474320.37,20701509.59,1.0,20701509.59,1286,620.5,842,0.6456,1.0,68.18,PROP-DEL-01,Gurugram Cyber City Tower 8,106,1,9775.0,980,Leased,India,India,Delhi NCR,2117.8,21123.99,33362.63
3289,20250901,14,INR,5984000.0,936330.42,1360381.14,641242.85,380336.58,241820.21,9544111.2,1.0,9544111.2,910,405.6,508,0.4704,0.8421,0.0,PROP-DEL-02,Noida Express Commercial Tower,106,3,7480.0,850,Leased,India,India,Delhi NCR,1275.95,11228.37,23530.85
3290,20250901,15,SGD,810000.0,97937.24,119359.89,68626.64,38831.15,24944.97,1159699.89,63.5,73640943.02,702,344.9,466,0.725,1.0,81.82,PROP-SGP-01,Marina Bay Financial Centre Tower 2,201,1,5400.0,480,Leased,Asia-Pacific,Singapore,Singapore,13637.21,153418.63,213513.9
3291,20250901,16,SGD,343000.0,58072.39,110641.14,39967.5,37231.38,14432.83,603345.24,63.5,38312422.74,643,313.7,394,0.6029,1.0,59.09,PROP-SGP-02,Changi Business Hub,201,2,4900.0,520,Leased,Asia-Pacific,Singapore,Singapore,7818.86,73677.74,122130.77
3292,20250901,17,MYR,348000.0,61518.01,64694.16,42371.48,24765.65,14671.21,556020.51,18.2,10119573.28,524,235.7,314,0.5623,1.0,59.09,PROP-KUL-01,KL Sentral Corporate Suites,202,1,4350.0,420,Leased,Asia-Pacific,Malaysia,Kuala Lumpur,2326.34,24094.22,42934.13
3293,20250901,18,MYR,397800.0,74142.14,97658.95,53311.4,28238.98,18371.37,669522.84,18.2,12185315.69,919,372.8,480,0.4929,0.9333,27.27,PROP-KUL-02,Bangsar South Tech Centre,202,3,6630.0,780,Leased,Asia-Pacific,Malaysia,Kuala Lumpur,1837.91,15622.2,32685.93
3294,20250901,19,THB,3500000.0,417887.71,495242.52,294486.46,159945.09,105709.06,4973270.84,2.35,11687186.47,415,171.2,248,0.5348,1.0,59.09,PROP-BKK-01,Sathorn Square Tower,203,4,3500.0,320,Leased,Asia-Pacific,Thailand,Bangkok,3339.2,36522.46,68266.28
3295,20250901,20,THB,3825000.0,485358.78,709088.75,335628.31,323790.72,126188.53,5805055.09,2.35,13641879.46,633,232.3,280,0.4199,0.7333,0.0,PROP-BKK-02,Asoke Exchange Office Suites,203,3,5100.0,580,Leased,Asia-Pacific,Thailand,Bangkok,2674.88,23520.48,58725.27
3296,20250901,21,IDR,1215000000.0,226335486.98,270227655.71,159785442.85,86716640.89,58443755.06,2016508981.49,0.0053,10687497.6,527,224.3,309,0.6085,1.0,59.09,PROP-JKT-01,Sudirman SCBD One Pacific,204,4,4050.0,380,Leased,Asia-Pacific,Indonesia,Jakarta,2638.89,28124.99,47648.23
3297,20250901,22,IDR,1530000000.0,295811354.12,398647041.38,202592381.46,113364395.03,77160694.34,2617575866.33,0.0053,13873152.09,771,378.9,477,0.5539,0.9341,59.09,PROP-JKT-02,Kuningan Tech Office Hub,204,3,6120.0,700,Leased,Asia-Pacific,Indonesia,Jakarta,2266.85,19818.79,36614.28
3298,20250901,23,AUD,734500.0,126191.23,146048.54,86220.25,52770.61,32283.09,1178013.72,55.2,65026357.34,682,331.5,450,0.6594,1.0,68.18,PROP-SYD-01,Barangaroo International Tower 3,205,1,5650.0,510,Leased,Asia-Pacific,Australia,Sydney,11509.09,127502.66,196157.94
3299,20250901,24,AUD,372000.0,73911.14,114958.14,50238.91,48738.56,18007.74,677854.49,55.2,37417567.85,599,265.1,336,0.5744,1.0,59.09,PROP-SYD-02,Macquarie Park Tech Pavilion,205,2,4650.0,480,Leased,Asia-Pacific,Australia,Sydney,8046.79,77953.27,141145.11
3300,20250901,25,INR,2720000.0,369017.9,594419.86,255524.43,143031.58,92555.86,4174549.63,1.0,4174549.63,386,149.5,208,0.4799,0.9818,27.27,PROP-PNQ-03,Kalyani Nagar Gateway,102,4,3200.0,310,Leased,India,India,Pune,1304.55,13466.29,27923.41
3301,20251001,1,INR,17000000.0,1519714.86,1217368.8,1044376.6,586464.25,362463.88,21730388.39,1.0,21730388.39,810,354.2,488,0.6137,1.0,66.67,PROP-BOM-01,Nariman Point Business Centre,101,1,6800.0,620,Leased,India,India,Mumbai,3195.65,35049.01,61350.62
3302,20251001,2,INR,10500000.0,898377.87,678109.39,618920.84,343244.26,232336.97,13270989.33,1.0,13270989.33,474,151.3,220,0.4688,1.0,61.9,PROP-BOM-02,BKC Central Tower B,101,4,3750.0,340,Leased,India,India,Mumbai,3538.93,39032.32,87713.08
3303,20251001,3,INR,14833333.33,1689413.12,1843100.68,1212657.94,653438.93,428795.05,20660739.05,1.0,20660739.05,1502,897.4,1073,0.7676,1.0,76.19,PROP-BOM-03,Powai Horizon Office Park,101,3,10600.0,1250,Leased,India,India,Mumbai,1949.13,16528.59,23022.89
3304,20251001,4,INR,0.0,1734996.73,2731094.58,1238644.14,687376.28,449055.48,6841167.21,1.0,6841167.21,2124,1076.7,1397,0.6877,1.0,76.19,PROP-PNQ-01,Hinjawadi Tech Campus A,102,2,15500.0,1720,Owned,India,India,Pune,441.37,3977.42,6353.83
3305,20251001,5,INR,6240000.0,911893.35,1411981.32,650050.1,366960.52,217652.38,9798537.67,1.0,9798537.67,1037,369.8,471,0.4061,0.75,0.0,PROP-PNQ-02,Magarpatta Enterprise Park,102,3,7800.0,950,Leased,India,India,Pune,1256.22,10314.25,26496.86
3306,20251001,6,INR,19635000.0,2417617.71,3116369.15,1691484.58,940284.51,612539.99,28413295.94,1.0,28413295.94,2694,1448.0,1941,0.7805,1.0,76.19,PROP-BLR-01,Whitefield Innovation Campus Tower 1,103,2,17850.0,1980,Leased,India,India,Bengaluru,1591.78,14350.15,19622.44
3307,20251001,7,INR,14280000.0,1674550.46,2197951.94,1143624.32,675159.59,400361.1,20371647.41,1.0,20371647.41,1680,895.2,1124,0.7347,1.0,76.19,PROP-BLR-02,Outer Ring Road Alpha Center,103,2,11900.0,1320,Leased,India,India,Bengaluru,1711.9,15433.07,22756.53
3308,20251001,8,INR,0.0,994337.45,1632473.8,692341.6,382950.11,248950.4,3951053.36,1.0,3951053.36,1235,526.5,669,0.5195,0.9412,38.1,PROP-BLR-03,Electronic City Systems Hub,103,3,9350.0,1100,Owned,India,India,Bengaluru,422.57,3591.87,7504.37
3309,20251001,9,INR,10327500.0,1354202.29,2019209.29,940497.31,540504.24,338031.91,15519945.04,1.0,15519945.04,1554,773.1,1011,0.6592,1.0,66.67,PROP-MAA-01,OMR Cyber Gateway,104,2,11475.0,1280,Leased,India,India,Chennai,1352.5,12124.96,20074.95
3310,20251001,10,INR,5418750.0,700925.99,1144886.84,490439.66,289838.06,182814.02,8227654.57,1.0,8227654.57,810,320.6,389,0.4495,0.806,0.0,PROP-MAA-02,Guindy Industrial Square,104,3,6375.0,750,Leased,India,India,Chennai,1290.61,10970.21,25663.3
3311,20251001,11,INR,13600000.0,1763688.56,2470866.93,1198780.68,692875.97,441475.32,20167687.46,1.0,20167687.46,1927,1045.5,1383,0.7424,1.0,76.19,PROP-HYD-01,HITEC City Cyber Horizon,105,2,13600.0,1500,Leased,India,India,Hyderabad,1482.92,13445.12,19289.99
3312,20251001,12,INR,4862000.0,606716.33,806855.52,423280.44,245955.85,148304.69,7093112.83,1.0,7093112.83,539,218.7,312,0.5625,1.0,61.9,PROP-HYD-02,Gachibowli Financial Hub,105,4,4420.0,420,Leased,India,India,Hyderabad,1604.78,16888.36,32433.07
3313,20251001,13,INR,14662500.0,1849031.46,1730995.61,1327431.4,775551.84,475286.18,20820796.49,1.0,20820796.49,1284,615.3,854,0.6695,1.0,76.19,PROP-DEL-01,Gurugram Cyber City Tower 8,106,1,9775.0,980,Leased,India,India,Delhi NCR,2130.0,21245.71,33838.45
3314,20251001,14,INR,5984000.0,947270.59,1304765.28,681197.04,397672.28,226372.15,9541277.34,1.0,9541277.34,909,390.1,478,0.4888,0.8824,9.52,PROP-DEL-02,Noida Express Commercial Tower,106,3,7480.0,850,Leased,India,India,Delhi NCR,1275.57,11225.03,24458.54
3315,20251001,15,SGD,810000.0,96844.55,122425.43,65800.26,38757.9,25406.54,1159234.68,63.5,73611402.18,704,346.9,461,0.7567,1.0,76.19,PROP-SGP-01,Marina Bay Financial Centre Tower 2,201,1,5400.0,480,Leased,Asia-Pacific,Singapore,Singapore,13631.74,153357.09,212197.76
3316,20251001,16,SGD,343000.0,59463.25,103883.6,42459.36,23320.88,14245.88,586372.97,63.5,37234683.6,642,311.7,401,0.6239,1.0,61.9,PROP-SGP-02,Changi Business Hub,201,2,4900.0,520,Leased,Asia-Pacific,Singapore,Singapore,7598.92,71605.16,119456.8
3317,20251001,17,MYR,348000.0,61593.62,66475.49,42731.66,24019.42,14883.66,557703.85,18.2,10150210.07,524,229.5,314,0.5868,1.0,61.9,PROP-KUL-01,KL Sentral Corporate Suites,202,1,4350.0,420,Leased,Asia-Pacific,Malaysia,Kuala Lumpur,2333.38,24167.17,44227.49
3318,20251001,18,MYR,397800.0,71592.97,102517.45,49603.1,28457.92,17038.46,667009.9,18.2,12139580.18,922,361.1,464,0.5084,0.8932,33.33,PROP-KUL-02,Bangsar South Tech Centre,202,3,6630.0,780,Leased,Asia-Pacific,Malaysia,Kuala Lumpur,1831.01,15563.56,33618.33
3319,20251001,19,THB,3500000.0,412235.65,487391.23,294191.07,170455.46,103395.81,4967669.22,2.35,11674022.67,415,168.3,243,0.5513,1.0,61.9,PROP-BKK-01,Sathorn Square Tower,203,4,3500.0,320,Leased,Asia-Pacific,Thailand,Bangkok,3335.44,36481.32,69364.37
3320,20251001,20,THB,3825000.0,479906.84,712038.84,328008.65,187587.69,117779.41,5650321.43,2.35,13278255.36,632,236.7,292,0.4397,0.8,0.0,PROP-BKK-02,Asoke Exchange Office Suites,203,3,5100.0,580,Leased,Asia-Pacific,Thailand,Bangkok,2603.58,22893.54,56097.4
3321,20251001,21,IDR,1215000000.0,221905979.19,265230422.16,152848149.9,93050186.88,52955984.33,2000990722.46,0.0053,10605250.83,528,229.9,315,0.6305,1.0,66.67,PROP-JKT-01,Sudirman SCBD One Pacific,204,4,4050.0,380,Leased,Asia-Pacific,Indonesia,Jakarta,2618.58,27908.55,46129.84
3322,20251001,22,IDR,1530000000.0,297492766.21,405457080.05,208866912.8,124877978.25,72672932.38,2639367669.69,0.0053,13988648.65,771,392.3,487,0.5736,1.0,61.9,PROP-JKT-02,Kuningan Tech Office Hub,204,3,6120.0,700,Leased,Asia-Pacific,Indonesia,Jakarta,2285.73,19983.78,35658.04
3323,20251001,23,AUD,734500.0,122036.11,138209.43,86906.77,48001.32,30915.83,1160569.46,55.2,64063434.19,682,324.6,434,0.6823,1.0,76.19,PROP-SYD-01,Barangaroo International Tower 3,205,1,5650.0,510,Leased,Asia-Pacific,Australia,Sydney,11338.66,125614.58,197361.17
3324,20251001,24,AUD,372000.0,74481.72,118983.47,53365.65,29942.03,19131.92,667904.79,55.2,36868344.41,601,268.5,340,0.5892,1.0,61.9,PROP-SYD-02,Macquarie Park Tech Pavilion,205,2,4650.0,480,Leased,Asia-Pacific,Australia,Sydney,7928.68,76809.05,137312.27
3325,20251001,25,INR,2720000.0,363358.84,570704.29,256072.91,139081.02,95356.75,4144573.81,1.0,4144573.81,385,148.8,207,0.5002,0.9756,52.38,PROP-PNQ-03,Kalyani Nagar Gateway,102,4,3200.0,310,Leased,India,India,Pune,1295.18,13369.59,27853.32
3326,20251101,1,INR,17000000.0,1489142.9,1068578.79,1050263.35,607405.69,374429.23,21589819.96,1.0,21589819.96,809,358.4,491,0.6168,1.0,65.0,PROP-BOM-01,Nariman Point Business Centre,101,1,6800.0,620,Leased,India,India,Mumbai,3174.97,34822.29,60239.45
3327,20251101,2,INR,10500000.0,911419.96,582418.29,643250.82,365615.93,227877.84,13230582.84,1.0,13230582.84,474,144.4,210,0.4644,0.95,60.0,PROP-BOM-02,BKC Central Tower B,101,4,3750.0,340,Leased,India,India,Mumbai,3528.16,38913.48,91624.53
3328,20251101,3,INR,14833333.33,1695515.66,1652158.82,1185891.8,654378.97,411281.64,20432560.22,1.0,20432560.22,1507,878.0,1051,0.765,1.0,80.0,PROP-BOM-03,Powai Horizon Office Park,101,3,10600.0,1250,Leased,India,India,Mumbai,1927.6,16346.05,23271.71
3329,20251101,4,INR,0.0,1727819.18,2443294.8,1216933.41,698744.77,447804.0,6534596.16,1.0,6534596.16,2122,1117.2,1435,0.6913,1.0,80.0,PROP-PNQ-01,Hinjawadi Tech Campus A,102,2,15500.0,1720,Owned,India,India,Pune,421.59,3799.18,5849.08
3330,20251101,5,INR,6240000.0,885012.24,1206192.18,621705.88,341917.99,211701.37,9506529.66,1.0,9506529.66,1036,347.2,442,0.4018,0.77,0.0,PROP-PNQ-02,Magarpatta Enterprise Park,102,3,7800.0,950,Leased,India,India,Pune,1218.79,10006.87,27380.56
3331,20251101,6,INR,19635000.0,2431144.67,2796113.97,1744289.75,999119.3,631759.18,28237426.87,1.0,28237426.87,2701,1488.9,1980,0.7873,1.0,80.0,PROP-BLR-01,Whitefield Innovation Campus Tower 1,103,2,17850.0,1980,Leased,India,India,Bengaluru,1581.93,14261.33,18965.29
3332,20251101,7,INR,14280000.0,1686266.01,1754592.69,1166636.12,690735.55,417476.67,19995707.04,1.0,19995707.04,1678,882.9,1163,0.7355,1.0,80.0,PROP-BLR-02,Outer Ring Road Alpha Center,103,2,11900.0,1320,Leased,India,India,Bengaluru,1680.31,15148.26,22647.76
3333,20251101,8,INR,0.0,998514.58,1470009.53,704767.44,395644.57,261356.98,3830293.1,1.0,3830293.1,1234,560.2,697,0.5251,0.931,30.0,PROP-BLR-03,Electronic City Systems Hub,103,3,9350.0,1100,Owned,India,India,Bengaluru,409.66,3482.08,6837.37
3334,20251101,9,INR,10327500.0,1404153.25,1789956.05,954046.2,545565.48,350801.84,15372022.82,1.0,15372022.82,1558,788.0,1050,0.6597,1.0,70.0,PROP-MAA-01,OMR Cyber Gateway,104,2,11475.0,1280,Leased,India,India,Chennai,1339.61,12009.39,19507.64
3335,20251101,10,INR,5418750.0,709716.11,1011940.4,509609.93,278035.15,178639.3,8106690.89,1.0,8106690.89,809,313.8,377,0.4482,0.791,0.0,PROP-MAA-02,Guindy Industrial Square,104,3,6375.0,750,Leased,India,India,Chennai,1271.64,10808.92,25833.94
3336,20251101,11,INR,13600000.0,1772065.56,2059539.25,1213729.54,705457.77,452350.28,19803142.4,1.0,19803142.4,1925,1054.0,1394,0.7426,1.0,80.0,PROP-HYD-01,HITEC City Cyber Horizon,105,2,13600.0,1500,Leased,India,India,Hyderabad,1456.11,13202.09,18788.56
3337,20251101,12,INR,4862000.0,602692.38,675466.65,410528.15,247245.31,157974.71,6955907.2,1.0,6955907.2,540,221.4,311,0.5688,1.0,60.0,PROP-HYD-02,Gachibowli Financial Hub,105,4,4420.0,420,Leased,India,India,Hyderabad,1573.73,16561.68,31417.83
3338,20251101,13,INR,14662500.0,1820299.75,1537201.88,1293701.68,746748.23,458880.38,20519331.92,1.0,20519331.92,1283,612.2,845,0.6691,1.0,80.0,PROP-DEL-01,Gurugram Cyber City Tower 8,106,1,9775.0,980,Leased,India,India,Delhi NCR,2099.16,20938.09,33517.37
3339,20251101,14,INR,5984000.0,943629.08,1180095.47,646197.35,366628.75,242835.27,9363385.92,1.0,9363385.92,908,405.3,509,0.4975,0.8947,15.0,PROP-DEL-02,Noida Express Commercial Tower,106,3,7480.0,850,Leased,India,India,Delhi NCR,1251.79,11015.75,23102.36
3340,20251101,15,SGD,810000.0,96602.86,102715.99,67704.73,39741.42,24881.33,1141646.33,63.5,72494541.96,707,340.0,454,0.7605,1.0,80.0,PROP-SGP-01,Marina Bay Financial Centre Tower 2,201,1,5400.0,480,Leased,Asia-Pacific,Singapore,Singapore,13424.92,151030.3,213219.24
3341,20251101,16,SGD,343000.0,58534.32,93549.72,41235.16,24518.59,14923.98,575761.77,63.5,36560872.4,642,316.3,403,0.6264,1.0,60.0,PROP-SGP-02,Changi Business Hub,201,2,4900.0,520,Leased,Asia-Pacific,Singapore,Singapore,7461.4,70309.37,115589.23
3342,20251101,17,MYR,348000.0,60938.55,57188.34,42989.24,23346.06,15197.22,547659.41,18.2,9967401.26,523,229.5,301,0.5866,1.0,60.0,PROP-KUL-01,KL Sentral Corporate Suites,202,1,4350.0,420,Leased,Asia-Pacific,Malaysia,Kuala Lumpur,2291.36,23731.91,43430.94
3343,20251101,18,MYR,397800.0,73591.99,82849.77,50112.17,29901.09,19232.04,653487.06,18.2,11893464.49,925,371.2,476,0.5117,0.9333,45.0,PROP-KUL-02,Bangsar South Tech Centre,202,3,6630.0,780,Leased,Asia-Pacific,Malaysia,Kuala Lumpur,1793.89,15248.03,32040.58
3344,20251101,19,THB,3500000.0,424169.76,429815.57,295347.44,175097.12,107216.23,4931646.12,2.35,11589368.38,415,165.3,241,0.5531,1.0,60.0,PROP-BKK-01,Sathorn Square Tower,203,4,3500.0,320,Leased,Asia-Pacific,Thailand,Bangkok,3311.25,36216.78,70111.12
3345,20251101,20,THB,3825000.0,480426.44,601874.75,328649.14,191001.26,115503.2,5542454.79,2.35,13024768.76,632,233.9,284,0.4362,0.7255,0.0,PROP-BKK-02,Asoke Exchange Office Suites,203,3,5100.0,580,Leased,Asia-Pacific,Thailand,Bangkok,2553.88,22456.5,55685.2
3346,20251101,21,IDR,1215000000.0,225941649.14,232170560.84,159594892.15,89271890.28,53668211.24,1975647203.65,0.0053,10470930.18,530,224.8,311,0.6376,1.0,65.0,PROP-JKT-01,Sudirman SCBD One Pacific,204,4,4050.0,380,Leased,Asia-Pacific,Indonesia,Jakarta,2585.41,27555.08,46578.87
3347,20251101,22,IDR,1530000000.0,297165403.63,348367102.75,211406037.25,113961535.38,75207736.84,2576107815.85,0.0053,13653371.42,770,391.4,492,0.576,1.0,60.0,PROP-JKT-02,Kuningan Tech Office Hub,204,3,6120.0,700,Leased,Asia-Pacific,Indonesia,Jakarta,2230.94,19504.82,34883.42
3348,20251101,23,AUD,734500.0,122379.74,119011.03,86908.37,50727.97,31930.41,1145457.52,55.2,63229255.1,681,323.0,429,0.6815,1.0,80.0,PROP-SYD-01,Barangaroo International Tower 3,205,1,5650.0,510,Leased,Asia-Pacific,Australia,Sydney,11191.02,123978.93,195756.21
3349,20251101,24,AUD,372000.0,73697.59,95081.75,51921.52,28369.48,18649.88,639720.22,55.2,35312556.14,603,268.6,355,0.601,1.0,60.0,PROP-SYD-02,Macquarie Park Tech Pavilion,205,2,4650.0,480,Leased,Asia-Pacific,Australia,Sydney,7594.1,73567.83,131468.94
3350,20251101,25,INR,2720000.0,363927.62,492593.75,251980.14,150946.13,88483.41,4067931.05,1.0,4067931.05,385,140.8,197,0.4979,1.0,45.0,PROP-PNQ-03,Kalyani Nagar Gateway,102,4,3200.0,310,Leased,India,India,Pune,1271.23,13122.36,28891.56
3351,20251201,1,INR,17000000.0,1518637.21,1041998.98,1068359.22,592690.62,376841.06,21598527.09,1.0,21598527.09,809,369.5,505,0.5254,1.0,59.09,PROP-BOM-01,Nariman Point Business Centre,101,1,6800.0,620,Leased,India,India,Mumbai,3176.25,34836.33,58453.39
3352,20251201,2,INR,10500000.0,914166.98,582879.26,632711.23,368887.57,228158.42,13226803.46,1.0,13226803.46,473,144.4,213,0.397,0.8,0.0,PROP-BOM-02,BKC Central Tower B,101,4,3750.0,340,Leased,India,India,Mumbai,3527.15,38902.36,91598.36
3353,20251201,3,INR,14833333.33,1682827.72,1622689.42,1208071.79,679695.7,403491.15,20430109.11,1.0,20430109.11,1511,902.7,1103,0.6495,1.0,59.09,PROP-BOM-03,Powai Horizon Office Park,101,3,10600.0,1250,Leased,India,India,Mumbai,1927.37,16344.09,22632.22
3354,20251201,4,INR,0.0,1693030.03,2464644.37,1205028.85,662106.4,442666.45,6467476.1,1.0,6467476.1,2120,1127.9,1481,0.5916,1.0,59.09,PROP-PNQ-01,Hinjawadi Tech Campus A,102,2,15500.0,1720,Owned,India,India,Pune,417.26,3760.16,5734.09
3355,20251201,5,INR,6240000.0,897125.62,1180585.89,610760.48,353135.52,224523.09,9506130.6,1.0,9506130.6,1035,359.3,451,0.3456,0.6667,0.0,PROP-PNQ-02,Magarpatta Enterprise Park,102,3,7800.0,950,Leased,India,India,Pune,1218.73,10006.45,26457.36
3356,20251201,6,INR,19635000.0,2378940.72,2622646.59,1707786.12,960881.3,611011.96,27916266.69,1.0,27916266.69,2709,1496.7,1980,0.6708,1.0,77.27,PROP-BLR-01,Whitefield Innovation Campus Tower 1,103,2,17850.0,1980,Leased,India,India,Bengaluru,1563.94,14099.12,18651.88
3357,20251201,7,INR,14280000.0,1632858.38,1845768.95,1124312.41,685027.31,427076.08,19995043.13,1.0,19995043.13,1676,918.2,1189,0.6243,1.0,59.09,PROP-BLR-02,Outer Ring Road Alpha Center,103,2,11900.0,1320,Leased,India,India,Bengaluru,1680.26,15147.76,21776.35
3358,20251201,8,INR,0.0,963858.75,1481237.76,682185.75,397813.8,246071.71,3771167.77,1.0,3771167.77,1232,559.6,719,0.4428,0.8101,0.0,PROP-BLR-03,Electronic City Systems Hub,103,3,9350.0,1100,Owned,India,India,Bengaluru,403.33,3428.33,6739.04
3359,20251201,9,INR,10327500.0,1356444.0,1687310.86,924002.26,556451.07,332480.64,15184188.83,1.0,15184188.83,1563,762.5,1014,0.564,1.0,54.55,PROP-MAA-01,OMR Cyber Gateway,104,2,11475.0,1280,Leased,India,India,Chennai,1323.24,11862.65,19913.69
3360,20251201,10,INR,5418750.0,698140.66,1011085.27,491874.88,274605.64,169404.46,8063860.91,1.0,8063860.91,809,304.6,373,0.3787,0.6768,0.0,PROP-MAA-02,Guindy Industrial Square,104,3,6375.0,750,Leased,India,India,Chennai,1264.92,10751.81,26473.61
3361,20251201,11,INR,13600000.0,1757090.43,2010070.53,1200074.82,684052.56,423081.89,19674370.23,1.0,19674370.23,1923,1023.2,1364,0.6339,1.0,59.09,PROP-HYD-01,HITEC City Cyber Horizon,105,2,13600.0,1500,Leased,India,India,Hyderabad,1446.64,13116.25,19228.27
3362,20251201,12,INR,4862000.0,593831.7,666215.11,409938.9,244281.83,145818.18,6922085.72,1.0,6922085.72,542,229.0,318,0.4848,0.9459,50.0,PROP-HYD-02,Gachibowli Financial Hub,105,4,4420.0,420,Leased,India,India,Hyderabad,1566.08,16481.16,30227.45
3363,20251201,13,INR,14662500.0,1875428.66,1436219.76,1285152.78,725873.76,488485.76,20473660.72,1.0,20473660.72,1282,613.4,824,0.57,1.0,59.09,PROP-DEL-01,Gurugram Cyber City Tower 8,106,1,9775.0,980,Leased,India,India,Delhi NCR,2094.49,20891.49,33377.34
3364,20251201,14,INR,5984000.0,940778.48,1149188.27,654101.07,392950.76,243297.86,9364316.44,1.0,9364316.44,907,391.5,495,0.4171,0.7768,0.0,PROP-DEL-02,Noida Express Commercial Tower,106,3,7480.0,850,Leased,India,India,Delhi NCR,1251.91,11016.84,23919.07
3365,20251201,15,SGD,810000.0,98331.33,98209.26,67230.14,37568.83,25800.56,1137140.12,63.5,72208397.62,709,337.1,458,0.6401,1.0,63.64,PROP-SGP-01,Marina Bay Financial Centre Tower 2,201,1,5400.0,480,Leased,Asia-Pacific,Singapore,Singapore,13371.93,150434.16,214204.68
3366,20251201,16,SGD,343000.0,57938.74,89037.37,40139.48,23900.73,14108.26,568124.58,63.5,36075910.83,641,307.6,386,0.5399,1.0,50.0,PROP-SGP-02,Changi Business Hub,201,2,4900.0,520,Leased,Asia-Pacific,Singapore,Singapore,7362.43,69376.75,117281.89
3367,20251201,17,MYR,348000.0,60945.33,55744.52,42770.87,25370.09,15734.3,548565.11,18.2,9983885.0,523,229.3,311,0.4986,0.92,31.82,PROP-KUL-01,KL Sentral Corporate Suites,202,1,4350.0,420,Leased,Asia-Pacific,Malaysia,Kuala Lumpur,2295.15,23771.15,43540.71
3368,20251201,18,MYR,397800.0,72673.14,83092.28,49640.62,28546.39,18662.32,650414.75,18.2,11837548.45,927,385.9,483,0.4321,0.8429,0.0,PROP-KUL-02,Bangsar South Tech Centre,202,3,6630.0,780,Leased,Asia-Pacific,Malaysia,Kuala Lumpur,1785.45,15176.34,30675.17
3369,20251201,19,THB,3500000.0,426502.98,409382.2,295459.36,169980.01,110897.66,4912222.21,2.35,11543722.19,414,170.2,242,0.4642,0.9176,27.27,PROP-BKK-01,Sathorn Square Tower,203,4,3500.0,320,Leased,Asia-Pacific,Thailand,Bangkok,3298.21,36074.13,67824.45
3370,20251201,20,THB,3825000.0,491105.61,607536.18,351714.18,192681.89,119060.19,5587098.05,2.35,13129680.42,631,239.2,286,0.3686,0.6667,0.0,PROP-BKK-02,Asoke Exchange Office Suites,203,3,5100.0,580,Leased,Asia-Pacific,Thailand,Bangkok,2574.45,22637.38,54889.97
3371,20251201,21,IDR,1215000000.0,223181743.77,216957675.86,156630302.85,89837470.9,54148380.24,1955755573.62,0.0053,10365504.54,531,226.3,302,0.5368,1.0,59.09,PROP-JKT-01,Sudirman SCBD One Pacific,204,4,4050.0,380,Leased,Asia-Pacific,Indonesia,Jakarta,2559.38,27277.64,45804.26
3372,20251201,22,IDR,1530000000.0,292649577.8,349911037.01,208198559.42,117911731.35,72920163.36,2571591068.94,0.0053,13629432.67,769,366.9,457,0.4944,0.8571,22.73,PROP-JKT-02,Kuningan Tech Office Hub,204,3,6120.0,700,Leased,Asia-Pacific,Indonesia,Jakarta,2227.03,19470.62,37147.54
3373,20251201,23,AUD,734500.0,124139.88,117659.43,89050.24,48495.27,31127.7,1144972.52,55.2,63202483.1,680,314.5,414,0.5782,1.0,59.09,PROP-SYD-01,Barangaroo International Tower 3,205,1,5650.0,510,Leased,Asia-Pacific,Australia,Sydney,11186.28,123926.44,200961.79
3374,20251201,24,AUD,372000.0,75661.0,96387.69,52880.88,30461.97,19683.78,647075.32,55.2,35718557.66,604,264.4,345,0.5062,0.9529,22.73,PROP-SYD-02,Macquarie Park Tech Pavilion,205,2,4650.0,480,Leased,Asia-Pacific,Australia,Sydney,7681.41,74413.66,135092.88
3375,20251201,25,INR,2720000.0,361569.15,494820.5,258048.67,141888.16,93588.23,4069914.71,1.0,4069914.71,385,149.3,204,0.4241,0.7927,0.0,PROP-PNQ-03,Kalyani Nagar Gateway,102,4,3200.0,310,Leased,India,India,Pune,1271.85,13128.76,27259.98
3376,20260101,1,INR,17000000.0,1501666.62,1029403.05,1065507.47,621507.4,385414.54,21603499.08,1.0,21603499.08,808,356.7,486,0.5854,1.0,65.0,PROP-BOM-01,Nariman Point Business Centre,101,1,6800.0,620,Leased,India,India,Mumbai,3176.99,34844.35,60564.9
3377,20260101,2,INR,10500000.0,899597.64,586113.34,634078.58,355210.79,215347.81,13190348.16,1.0,13190348.16,473,153.9,228,0.4471,1.0,45.0,PROP-BOM-02,BKC Central Tower B,101,4,3750.0,340,Leased,India,India,Mumbai,3517.43,38795.14,85707.27
3378,20260101,3,INR,14833333.33,1676353.1,1630394.37,1190829.91,637884.77,438345.92,20407141.4,1.0,20407141.4,1515,924.7,1109,0.7274,1.0,75.0,PROP-BOM-03,Powai Horizon Office Park,101,3,10600.0,1250,Leased,India,India,Mumbai,1925.2,16325.71,22068.93
3379,20260101,4,INR,0.0,1700402.81,2426194.95,1208947.61,712980.85,422727.58,6471253.8,1.0,6471253.8,2118,1151.2,1536,0.6563,1.0,65.0,PROP-PNQ-01,Hinjawadi Tech Campus A,102,2,15500.0,1720,Owned,India,India,Pune,417.5,3762.36,5621.31
3380,20260101,5,INR,6240000.0,883516.1,1171706.17,612326.0,339932.91,215777.99,9463259.17,1.0,9463259.17,1034,360.9,462,0.3871,0.7333,0.0,PROP-PNQ-02,Magarpatta Enterprise Park,102,3,7800.0,950,Leased,India,India,Pune,1213.24,9961.33,26221.28
3381,20260101,6,INR,19635000.0,2401641.33,2820213.97,1718661.99,964803.96,614801.71,28155122.96,1.0,28155122.96,2717,1473.8,1946,0.7502,1.0,75.0,PROP-BLR-01,Whitefield Innovation Campus Tower 1,103,2,17850.0,1980,Leased,India,India,Bengaluru,1577.32,14219.76,19103.76
3382,20260101,7,INR,14280000.0,1649851.34,1846172.65,1161475.33,666358.67,421807.6,20025665.59,1.0,20025665.59,1674,879.9,1111,0.6955,1.0,75.0,PROP-BLR-02,Outer Ring Road Alpha Center,103,2,11900.0,1320,Leased,India,India,Bengaluru,1682.83,15170.96,22759.02
3383,20260101,8,INR,0.0,985468.91,1386053.83,700930.26,413150.8,251979.71,3737583.51,1.0,3737583.51,1231,558.6,713,0.4939,0.8966,25.0,PROP-BLR-03,Electronic City Systems Hub,103,3,9350.0,1100,Owned,India,India,Bengaluru,399.74,3397.8,6690.98
3384,20260101,9,INR,10327500.0,1373310.55,1822213.19,956002.71,529429.79,350215.55,15358671.79,1.0,15358671.79,1568,762.0,978,0.624,1.0,60.0,PROP-MAA-01,OMR Cyber Gateway,104,2,11475.0,1280,Leased,India,India,Chennai,1338.45,11998.96,20155.74
3385,20260101,10,INR,5418750.0,707923.19,975350.79,505754.42,275872.63,174841.62,8058492.65,1.0,8058492.65,808,318.2,388,0.4281,0.7879,0.0,PROP-MAA-02,Guindy Industrial Square,104,3,6375.0,750,Leased,India,India,Chennai,1264.08,10744.66,25325.24
3386,20260101,11,INR,13600000.0,1779113.78,2003312.53,1229850.62,731100.98,456772.17,19800150.08,1.0,19800150.08,1921,1082.7,1431,0.7073,1.0,75.0,PROP-HYD-01,HITEC City Cyber Horizon,105,2,13600.0,1500,Leased,India,India,Hyderabad,1455.89,13200.1,18287.75
3387,20260101,12,INR,4862000.0,608459.74,670142.06,425302.49,231377.41,156022.06,6953303.76,1.0,6953303.76,543,225.7,314,0.5331,1.0,60.0,PROP-HYD-02,Gachibowli Financial Hub,105,4,4420.0,420,Leased,India,India,Hyderabad,1573.15,16555.49,30807.73
3388,20260101,13,INR,14662500.0,1842262.89,1455238.35,1281620.37,730366.54,471462.74,20443450.89,1.0,20443450.89,1280,610.5,822,0.6407,1.0,75.0,PROP-DEL-01,Gurugram Cyber City Tower 8,106,1,9775.0,980,Leased,India,India,Delhi NCR,2091.4,20860.66,33486.41
3389,20260101,14,INR,5984000.0,921878.18,1160520.68,637643.51,367948.36,232679.15,9304669.88,1.0,9304669.88,906,385.6,486,0.4695,0.8571,5.0,PROP-DEL-02,Noida Express Commercial Tower,106,3,7480.0,850,Leased,India,India,Delhi NCR,1243.94,10946.67,24130.37
3390,20260101,15,SGD,810000.0,97903.18,100612.48,69926.99,38062.0,23939.75,1140444.4,63.5,72418219.4,711,334.9,439,0.723,1.0,75.0,PROP-SGP-01,Marina Bay Financial Centre Tower 2,201,1,5400.0,480,Leased,Asia-Pacific,Singapore,Singapore,13410.78,150871.29,216238.34
3391,20260101,16,SGD,343000.0,57868.97,88311.31,40561.5,22487.49,14996.09,567225.36,63.5,36018810.36,640,298.1,391,0.6027,1.0,60.0,PROP-SGP-02,Changi Business Hub,201,2,4900.0,520,Leased,Asia-Pacific,Singapore,Singapore,7350.78,69266.94,120827.94
3392,20260101,17,MYR,348000.0,60770.07,55977.64,43425.34,24680.85,14505.67,547359.57,18.2,9961944.17,522,233.5,310,0.5618,1.0,60.0,PROP-KUL-01,KL Sentral Corporate Suites,202,1,4350.0,420,Leased,Asia-Pacific,Malaysia,Kuala Lumpur,2290.1,23718.91,42663.57
3393,20260101,18,MYR,397800.0,74097.05,87895.9,53243.33,29730.6,19202.01,661968.89,18.2,12047833.8,930,388.9,488,0.4779,0.8714,20.0,PROP-KUL-02,Bangsar South Tech Centre,202,3,6630.0,780,Leased,Asia-Pacific,Malaysia,Kuala Lumpur,1817.17,15445.94,30979.26
3394,20260101,19,THB,3500000.0,427229.4,427945.36,307932.71,168071.27,110979.36,4942158.1,2.35,11614071.54,414,164.1,231,0.5199,1.0,60.0,PROP-BKK-01,Sathorn Square Tower,203,4,3500.0,320,Leased,Asia-Pacific,Thailand,Bangkok,3318.31,36293.97,70774.35
3395,20260101,20,THB,3825000.0,491418.74,600932.91,344894.63,205807.03,120797.06,5588850.37,2.35,13133798.37,630,235.9,288,0.4097,0.7549,0.0,PROP-BKK-02,Asoke Exchange Office Suites,203,3,5100.0,580,Leased,Asia-Pacific,Thailand,Bangkok,2575.25,22644.48,55675.28
3396,20260101,21,IDR,1215000000.0,220680641.97,226026506.55,158966222.38,92200372.39,54311035.06,1967184778.35,0.0053,10426079.33,533,234.1,317,0.6078,1.0,60.0,PROP-JKT-01,Sudirman SCBD One Pacific,204,4,4050.0,380,Leased,Asia-Pacific,Indonesia,Jakarta,2574.34,27437.05,44536.86
3397,20260101,22,IDR,1530000000.0,295135330.16,326638895.3,212088757.35,120690803.78,73149235.05,2557703021.64,0.0053,13555826.01,768,388.6,483,0.5468,1.0,60.0,PROP-JKT-02,Kuningan Tech Office Hub,204,3,6120.0,700,Leased,Asia-Pacific,Indonesia,Jakarta,2215.0,19365.47,34883.75
3398,20260101,23,AUD,734500.0,125230.33,121813.5,86068.63,50679.23,30212.18,1148503.87,55.2,63397413.62,680,338.3,455,0.6462,1.0,65.0,PROP-SYD-01,Barangaroo International Tower 3,205,1,5650.0,510,Leased,Asia-Pacific,Australia,Sydney,11220.78,124308.65,187399.98
3399,20260101,24,AUD,372000.0,74856.05,102503.78,53844.29,31282.06,18481.81,652967.99,55.2,36043833.05,606,273.8,359,0.5696,1.0,60.0,PROP-SYD-02,Macquarie Park Tech Pavilion,205,2,4650.0,480,Leased,Asia-Pacific,Australia,Sydney,7751.36,75091.32,131642.93
3400,20260101,25,INR,2720000.0,370301.35,479006.53,255091.57,148669.21,89697.46,4062766.12,1.0,4062766.12,384,144.3,199,0.4809,0.9273,15.0,PROP-PNQ-03,Kalyani Nagar Gateway,102,4,3200.0,310,Leased,India,India,Pune,1269.61,13105.7,28155.0
3401,20260201,1,INR,17000000.0,1508808.33,1233671.31,1057254.94,584157.74,375698.65,21759590.97,1.0,21759590.97,807,370.2,513,0.5823,1.0,55.56,PROP-BOM-01,Nariman Point Business Centre,101,1,6800.0,620,Leased,India,India,Mumbai,3199.94,35096.11,58777.93
3402,20260201,2,INR,10500000.0,883509.09,659814.54,618262.44,358613.06,216629.71,13236828.84,1.0,13236828.84,472,151.9,226,0.4415,0.95,38.89,PROP-BOM-02,BKC Central Tower B,101,4,3750.0,340,Leased,India,India,Mumbai,3529.82,38931.85,87141.73
3403,20260201,3,INR,14833333.33,1684021.81,1882966.08,1161506.57,647393.73,419483.37,20628704.89,1.0,20628704.89,1520,865.5,1063,0.7191,1.0,66.67,PROP-BOM-03,Powai Horizon Office Park,101,3,10600.0,1250,Leased,India,India,Mumbai,1946.1,16502.96,23834.44
3404,20260201,4,INR,0.0,1674999.03,2708374.88,1207387.02,680522.29,425728.01,6697011.23,1.0,6697011.23,2116,1104.9,1458,0.6501,1.0,66.67,PROP-PNQ-01,Hinjawadi Tech Campus A,102,2,15500.0,1720,Owned,India,India,Pune,432.07,3893.61,6061.19
3405,20260201,5,INR,6240000.0,894542.1,1361160.12,634665.71,361604.47,220577.77,9712550.17,1.0,9712550.17,1033,375.0,480,0.3769,0.8,0.0,PROP-PNQ-02,Magarpatta Enterprise Park,102,3,7800.0,950,Leased,India,India,Pune,1245.2,10223.74,25900.13
3406,20260201,6,INR,19635000.0,2411839.1,3261064.56,1656381.06,920229.33,573348.5,28457862.55,1.0,28457862.55,2725,1456.4,1938,0.7424,1.0,83.33,PROP-BLR-01,Whitefield Innovation Campus Tower 1,103,2,17850.0,1980,Leased,India,India,Bengaluru,1594.28,14372.66,19539.87
3407,20260201,7,INR,14280000.0,1659890.34,2126943.11,1135896.86,694028.9,419761.92,20316521.13,1.0,20316521.13,1673,939.5,1207,0.6898,1.0,77.78,PROP-BLR-02,Outer Ring Road Alpha Center,103,2,11900.0,1320,Leased,India,India,Bengaluru,1707.27,15391.3,21624.82
3408,20260201,8,INR,0.0,985085.53,1621224.14,700383.83,410998.09,245151.7,3962843.29,1.0,3962843.29,1230,521.4,648,0.4912,0.9412,27.78,PROP-BLR-03,Electronic City Systems Hub,103,3,9350.0,1100,Owned,India,India,Bengaluru,423.83,3602.58,7600.39
3409,20260201,9,INR,10327500.0,1362552.52,2001112.85,975396.37,558875.49,346809.19,15572246.42,1.0,15572246.42,1572,784.9,1004,0.6246,1.0,55.56,PROP-MAA-01,OMR Cyber Gateway,104,2,11475.0,1280,Leased,India,India,Chennai,1357.06,12165.82,19839.78
3410,20260201,10,INR,5418750.0,707939.59,1160096.58,486346.07,284988.23,173554.18,8231674.65,1.0,8231674.65,807,316.0,390,0.4191,0.8,0.0,PROP-MAA-02,Guindy Industrial Square,104,3,6375.0,750,Leased,India,India,Chennai,1291.24,10975.57,26049.6
3411,20260201,11,INR,13600000.0,1760065.3,2362682.0,1216966.55,674076.73,452960.06,20066750.64,1.0,20066750.64,1919,1089.8,1433,0.7009,1.0,77.78,PROP-HYD-01,HITEC City Cyber Horizon,105,2,13600.0,1500,Leased,India,India,Hyderabad,1475.5,13377.83,18413.24
3412,20260201,12,INR,4862000.0,588202.75,777395.73,407766.77,239814.15,140480.73,7015660.13,1.0,7015660.13,545,216.9,302,0.5255,1.0,55.56,PROP-HYD-02,Gachibowli Financial Hub,105,4,4420.0,420,Leased,India,India,Hyderabad,1587.25,16703.95,32345.14
3413,20260201,13,INR,14662500.0,1828302.82,1720272.01,1255865.7,703811.99,446547.33,20617299.85,1.0,20617299.85,1279,632.6,861,0.6347,1.0,61.11,PROP-DEL-01,Gurugram Cyber City Tower 8,106,1,9775.0,980,Leased,India,India,Delhi NCR,2109.19,21038.06,32591.37
3414,20260201,14,INR,5984000.0,916826.44,1348158.25,643149.78,362081.31,236055.0,9490270.78,1.0,9490270.78,905,378.5,460,0.4595,0.875,5.56,PROP-DEL-02,Noida Express Commercial Tower,106,3,7480.0,850,Leased,India,India,Delhi NCR,1268.75,11165.02,25073.37
3415,20260201,15,SGD,810000.0,99026.8,115160.18,68094.54,40153.32,25109.82,1157544.66,63.5,73504085.91,713,334.3,434,0.709,1.0,77.78,PROP-SGP-01,Marina Bay Financial Centre Tower 2,201,1,5400.0,480,Leased,Asia-Pacific,Singapore,Singapore,13611.87,153133.51,219874.62
3416,20260201,16,SGD,343000.0,58057.54,109561.67,39578.17,23449.8,13803.45,587450.63,63.5,37303115.01,640,295.7,390,0.5929,1.0,55.56,PROP-SGP-02,Changi Business Hub,201,2,4900.0,520,Leased,Asia-Pacific,Singapore,Singapore,7612.88,71736.76,126151.89
3417,20260201,17,MYR,348000.0,60662.69,63061.37,43300.14,24539.48,14719.27,554282.95,18.2,10087949.69,522,226.8,296,0.5491,1.0,55.56,PROP-KUL-01,KL Sentral Corporate Suites,202,1,4350.0,420,Leased,Asia-Pacific,Malaysia,Kuala Lumpur,2319.07,24018.93,44479.5
3418,20260201,18,MYR,397800.0,71574.73,95883.83,50148.31,29373.85,18454.65,663235.37,18.2,12070883.73,933,363.5,452,0.4811,0.8714,16.67,PROP-KUL-02,Bangsar South Tech Centre,202,3,6630.0,780,Leased,Asia-Pacific,Malaysia,Kuala Lumpur,1820.65,15475.49,33207.38
3419,20260201,19,THB,3500000.0,426932.16,496102.37,300526.87,172515.53,103813.72,4999890.65,2.35,11749743.03,413,166.4,243,0.5183,1.0,55.56,PROP-BKK-01,Sathorn Square Tower,203,4,3500.0,320,Leased,Asia-Pacific,Thailand,Bangkok,3357.07,36717.95,70611.44
3420,20260201,20,THB,3825000.0,480079.31,721636.35,334084.49,201441.88,121317.12,5683559.15,2.35,13356364.0,630,235.5,290,0.4045,0.7353,0.0,PROP-BKK-02,Asoke Exchange Office Suites,203,3,5100.0,580,Leased,Asia-Pacific,Thailand,Bangkok,2618.89,23028.21,56714.92
3421,20260201,21,IDR,1215000000.0,227056245.97,258733321.54,155529457.12,88894086.05,56645598.01,2001858708.69,0.0053,10609851.16,534,229.9,308,0.6047,1.0,55.56,PROP-JKT-01,Sudirman SCBD One Pacific,204,4,4050.0,380,Leased,Asia-Pacific,Indonesia,Jakarta,2619.72,27920.66,46149.85
3422,20260201,22,IDR,1530000000.0,288144624.25,413118703.49,205104279.68,119880160.46,75158736.37,2631406504.25,0.0053,13946454.47,768,365.8,467,0.5391,1.0,55.56,PROP-JKT-02,Kuningan Tech Office Hub,204,3,6120.0,700,Leased,Asia-Pacific,Indonesia,Jakarta,2278.83,19923.51,38125.9
3423,20260201,23,AUD,734500.0,123926.74,145662.52,86435.5,49158.89,31355.6,1171039.25,55.2,64641366.6,679,332.5,456,0.6421,1.0,66.67,PROP-SYD-01,Barangaroo International Tower 3,205,1,5650.0,510,Leased,Asia-Pacific,Australia,Sydney,11440.95,126747.78,194410.13
3424,20260201,24,AUD,372000.0,73713.1,113903.05,52837.04,30022.81,17960.0,660436.0,55.2,36456067.2,608,264.7,335,0.5608,1.0,55.56,PROP-SYD-02,Macquarie Park Tech Pavilion,205,2,4650.0,480,Leased,Asia-Pacific,Australia,Sydney,7840.01,75950.14,137725.98
3425,20260201,25,INR,2720000.0,362101.83,557755.5,259156.74,145282.78,94898.51,4139195.36,1.0,4139195.36,384,147.8,206,0.4677,0.9167,38.89,PROP-PNQ-03,Kalyani Nagar Gateway,102,4,3200.0,310,Leased,India,India,Pune,1293.5,13352.24,28005.38
3426,20260301,1,INR,17000000.0,1495196.45,1234679.88,1031614.34,621545.11,386056.88,21769092.66,1.0,21769092.66,806,373.6,505,0.5961,1.0,68.18,PROP-BOM-01,Nariman Point Business Centre,101,1,6800.0,620,Leased,India,India,Mumbai,3201.34,35111.44,58268.45
3427,20260301,2,INR,10500000.0,905004.78,679229.12,624063.67,348651.44,225456.74,13282405.75,1.0,13282405.75,472,154.2,223,0.4524,0.9,45.45,PROP-BOM-02,BKC Central Tower B,101,4,3750.0,340,Leased,India,India,Mumbai,3541.97,39065.9,86137.52
3428,20260301,3,INR,14833333.33,1720235.54,1871923.23,1205545.52,670873.93,446901.75,20748813.3,1.0,20748813.3,1524,887.1,1086,0.7372,1.0,72.73,PROP-BOM-03,Powai Horizon Office Park,101,3,10600.0,1250,Leased,India,India,Mumbai,1957.44,16599.05,23389.49
3429,20260301,4,INR,0.0,1682861.12,2779326.7,1180294.02,1090811.3,428039.37,7161332.51,1.0,7161332.51,2113,1136.2,1476,0.6661,1.0,68.18,PROP-PNQ-01,Hinjawadi Tech Campus A,102,2,15500.0,1720,Owned,India,India,Pune,462.02,4163.57,6302.88
3430,20260301,5,INR,6240000.0,898612.37,1364320.84,633086.9,348550.85,225344.78,9709915.74,1.0,9709915.74,1032,352.3,448,0.391,0.73,0.0,PROP-PNQ-02,Magarpatta Enterprise Park,102,3,7800.0,950,Leased,India,India,Pune,1244.86,10220.96,27561.5
3431,20260301,6,INR,19635000.0,2385454.76,3339070.4,1706832.26,937823.96,584105.81,28588287.19,1.0,28588287.19,2733,1462.0,1953,0.7596,1.0,81.82,PROP-BLR-01,Whitefield Innovation Campus Tower 1,103,2,17850.0,1980,Leased,India,India,Bengaluru,1601.58,14438.53,19554.23
3432,20260301,7,INR,14280000.0,1677601.28,2129742.3,1152430.45,687882.48,411266.85,20338923.36,1.0,20338923.36,1671,877.7,1120,0.7044,1.0,81.82,PROP-BLR-02,Outer Ring Road Alpha Center,103,2,11900.0,1320,Leased,India,India,Bengaluru,1709.15,15408.28,23172.98
3433,20260301,8,INR,0.0,986413.67,1685870.28,678092.01,611069.66,251999.89,4213445.51,1.0,4213445.51,1229,559.2,689,0.5,0.8824,9.09,PROP-BLR-03,Electronic City Systems Hub,103,3,9350.0,1100,Owned,India,India,Bengaluru,450.64,3830.41,7534.77
3434,20260301,9,INR,10327500.0,1352363.41,1988948.96,969036.93,520586.58,332691.46,15491127.34,1.0,15491127.34,1576,808.9,1060,0.6347,1.0,63.64,PROP-MAA-01,OMR Cyber Gateway,104,2,11475.0,1280,Leased,India,India,Chennai,1349.99,12102.44,19150.86
3435,20260301,10,INR,5418750.0,708224.15,1163933.78,508176.42,274260.27,170042.1,8243386.72,1.0,8243386.72,806,304.7,374,0.4267,0.7677,0.0,PROP-MAA-02,Guindy Industrial Square,104,3,6375.0,750,Leased,India,India,Chennai,1293.08,10991.18,27054.11
3436,20260301,11,INR,13600000.0,1753744.75,2535076.08,1249591.8,701661.83,460327.21,20300401.67,1.0,20300401.67,1917,1071.1,1393,0.7143,1.0,81.82,PROP-HYD-01,HITEC City Cyber Horizon,105,2,13600.0,1500,Leased,India,India,Hyderabad,1492.68,13533.6,18952.85
3437,20260301,12,INR,4862000.0,598031.86,793278.94,406874.75,367044.23,142134.16,7169363.94,1.0,7169363.94,547,227.1,324,0.543,1.0,59.09,PROP-HYD-02,Gachibowli Financial Hub,105,4,4420.0,420,Leased,India,India,Hyderabad,1622.03,17069.91,31569.19
3438,20260301,13,INR,14662500.0,1832720.17,1700609.14,1305250.28,757336.17,443743.97,20702159.73,1.0,20702159.73,1278,601.2,841,0.6468,1.0,72.73,PROP-DEL-01,Gurugram Cyber City Tower 8,106,1,9775.0,980,Leased,India,India,Delhi NCR,2117.87,21124.65,34434.73
3439,20260301,14,INR,5984000.0,944581.82,1347559.65,642663.17,383999.75,224445.98,9527250.37,1.0,9527250.37,904,405.1,500,0.4706,0.8235,0.0,PROP-DEL-02,Noida Express Commercial Tower,106,3,7480.0,850,Leased,India,India,Delhi NCR,1273.7,11208.53,23518.27
3440,20260301,15,SGD,810000.0,95285.25,116981.08,68445.37,37749.25,24689.96,1153150.91,63.5,73225082.78,715,339.0,452,0.7313,1.0,81.82,PROP-SGP-01,Marina Bay Financial Centre Tower 2,201,1,5400.0,480,Leased,Asia-Pacific,Singapore,Singapore,13560.2,152552.26,216003.19
3441,20260301,16,SGD,343000.0,59641.58,106432.59,40687.64,37575.95,15638.03,602975.79,63.5,38288962.66,639,297.1,390,0.5998,1.0,59.09,PROP-SGP-02,Changi Business Hub,201,2,4900.0,520,Leased,Asia-Pacific,Singapore,Singapore,7814.07,73632.62,128875.67
3442,20260301,17,MYR,348000.0,60757.08,66644.58,43699.49,23750.67,14778.79,557630.61,18.2,10148877.1,521,224.1,298,0.5579,1.0,59.09,PROP-KUL-01,KL Sentral Corporate Suites,202,1,4350.0,420,Leased,Asia-Pacific,Malaysia,Kuala Lumpur,2333.08,24163.99,45287.27
3443,20260301,18,MYR,397800.0,74235.91,99693.35,50438.65,30418.76,18440.74,671027.41,18.2,12212698.86,935,389.2,495,0.4887,0.9333,18.18,PROP-KUL-02,Bangsar South Tech Centre,202,3,6630.0,780,Leased,Asia-Pacific,Malaysia,Kuala Lumpur,1842.04,15657.31,31378.98
3444,20260301,19,THB,3500000.0,416947.87,473687.54,288301.81,168825.26,109260.47,4957022.95,2.35,11649003.93,413,160.9,227,0.5387,1.0,59.09,PROP-BKK-01,Sathorn Square Tower,203,4,3500.0,320,Leased,Asia-Pacific,Thailand,Bangkok,3328.29,36403.14,72399.03
3445,20260301,20,THB,3825000.0,477474.35,688181.68,343107.21,302922.3,114088.22,5750773.76,2.35,13514318.34,629,232.6,285,0.4152,0.8,0.0,PROP-BKK-02,Asoke Exchange Office Suites,203,3,5100.0,580,Leased,Asia-Pacific,Thailand,Bangkok,2649.87,23300.55,58101.11
3446,20260301,21,IDR,1215000000.0,219622847.18,257111426.35,151916279.01,88225893.87,56861310.25,1988737756.66,0.0053,10540310.11,536,230.7,307,0.6192,1.0,63.64,PROP-JKT-01,Sudirman SCBD One Pacific,204,4,4050.0,380,Leased,Asia-Pacific,Indonesia,Jakarta,2602.55,27737.66,45688.38
3447,20260301,22,IDR,1530000000.0,299177596.67,391733600.09,210160200.42,118487946.34,76253877.19,2625813220.71,0.0053,13916810.07,767,370.5,475,0.5505,0.9365,59.09,PROP-JKT-02,Kuningan Tech Office Hub,204,3,6120.0,700,Leased,Asia-Pacific,Indonesia,Jakarta,2273.99,19881.16,37562.24
3448,20260301,23,AUD,734500.0,122108.95,139050.62,85556.5,47715.67,30797.77,1159729.51,55.2,64017068.95,678,315.9,429,0.6559,1.0,72.73,PROP-SYD-01,Barangaroo International Tower 3,205,1,5650.0,510,Leased,Asia-Pacific,Australia,Sydney,11330.45,125523.66,202649.79
3449,20260301,24,AUD,372000.0,75870.4,120528.49,51952.95,49494.07,18083.55,687929.46,55.2,37973706.19,610,264.2,341,0.5725,1.0,54.55,PROP-SYD-02,Macquarie Park Tech Pavilion,205,2,4650.0,480,Leased,Asia-Pacific,Australia,Sydney,8166.39,79111.89,143730.91
3450,20260301,25,INR,2720000.0,371028.97,573744.76,261946.94,146217.74,96321.84,4169260.25,1.0,4169260.25,383,140.6,193,0.487,0.9512,36.36,PROP-PNQ-03,Kalyani Nagar Gateway,102,4,3200.0,310,Leased,India,India,Pune,1302.89,13449.23,29653.34
3451,20260401,1,INR,17000000.0,1502052.82,1558735.2,1020211.56,582571.39,378661.97,22042232.94,1.0,22042232.94,805,362.0,494,0.6122,1.0,71.43,PROP-BOM-01,Nariman Point Business Centre,101,1,6800.0,620,Leased,India,India,Mumbai,3241.5,35551.99,60890.15
3452,20260401,2,INR,10500000.0,913864.26,836187.19,635440.31,378378.36,230782.38,13494652.5,1.0,13494652.5,471,154.8,220,0.4671,0.925,42.86,PROP-BOM-02,BKC Central Tower B,101,4,3750.0,340,Leased,India,India,Mumbai,3598.57,39690.15,87174.76
3453,20260401,3,INR,14833333.33,1686742.4,2450577.31,1155023.84,697511.4,437855.94,21261044.22,1.0,21261044.22,1528,880.3,1046,0.7631,1.0,80.95,PROP-BOM-03,Powai Horizon Office Park,101,3,10600.0,1250,Leased,India,India,Mumbai,2005.76,17008.84,24152.04
3454,20260401,4,INR,0.0,1678065.56,3358329.78,1161007.43,657447.42,433356.58,7288206.77,1.0,7288206.77,2111,1134.1,1506,0.6929,1.0,80.95,PROP-PNQ-01,Hinjawadi Tech Campus A,102,2,15500.0,1720,Owned,India,India,Pune,470.21,4237.33,6426.42
3455,20260401,5,INR,6240000.0,882418.96,1786400.51,625074.91,370070.99,221982.14,10125947.51,1.0,10125947.51,1031,364.6,466,0.4058,0.7647,0.0,PROP-PNQ-02,Magarpatta Enterprise Park,102,3,7800.0,950,Leased,India,India,Pune,1298.2,10658.89,27772.76
3456,20260401,6,INR,19635000.0,2455691.38,3865371.98,1694267.87,955238.14,631249.42,29236818.79,1.0,29236818.79,2740,1480.1,1925,0.7856,1.0,85.71,PROP-BLR-01,Whitefield Innovation Campus Tower 1,103,2,17850.0,1980,Leased,India,India,Bengaluru,1637.92,14766.07,19753.27
3457,20260401,7,INR,14280000.0,1643199.1,2591894.28,1120667.54,654928.31,429473.85,20720163.08,1.0,20720163.08,1669,895.4,1136,0.7325,1.0,85.71,PROP-BLR-02,Outer Ring Road Alpha Center,103,2,11900.0,1320,Leased,India,India,Bengaluru,1741.19,15697.09,23140.68
3458,20260401,8,INR,0.0,994756.39,2142865.32,681479.37,405819.05,255754.52,4480674.65,1.0,4480674.65,1228,524.3,664,0.5165,0.9052,23.81,PROP-BLR-03,Electronic City Systems Hub,103,3,9350.0,1100,Owned,India,India,Bengaluru,479.22,4073.34,8546.01
3459,20260401,9,INR,10327500.0,1403200.92,2674644.92,972972.42,543849.98,365485.07,16287653.31,1.0,16287653.31,1581,778.7,1019,0.6588,1.0,71.43,PROP-MAA-01,OMR Cyber Gateway,104,2,11475.0,1280,Leased,India,India,Chennai,1419.4,12724.73,20916.47
3460,20260401,10,INR,5418750.0,687650.33,1408944.81,479456.15,262285.7,180111.72,8437198.71,1.0,8437198.71,805,312.2,380,0.4446,0.8,0.0,PROP-MAA-02,Guindy Industrial Square,104,3,6375.0,750,Leased,India,India,Chennai,1323.48,11249.6,27024.98
3461,20260401,11,INR,13600000.0,1772400.23,2963938.54,1255685.36,731017.56,448230.36,20771272.05,1.0,20771272.05,1915,1091.6,1416,0.7443,1.0,85.71,PROP-HYD-01,HITEC City Cyber Horizon,105,2,13600.0,1500,Leased,India,India,Hyderabad,1527.3,13847.51,19028.28
3462,20260401,12,INR,4862000.0,590442.31,991508.51,406358.45,235652.12,154152.63,7240114.02,1.0,7240114.02,548,231.2,329,0.565,1.0,66.67,PROP-HYD-02,Gachibowli Financial Hub,105,4,4420.0,420,Leased,India,India,Hyderabad,1638.03,17238.37,31315.37
3463,20260401,13,INR,14662500.0,1843967.25,2285998.96,1294286.89,721622.23,465008.79,21273384.12,1.0,21273384.12,1277,628.4,865,0.6686,1.0,80.95,PROP-DEL-01,Gurugram Cyber City Tower 8,106,1,9775.0,980,Leased,India,India,Delhi NCR,2176.31,21707.53,33853.25
3464,20260401,14,INR,5984000.0,944155.37,1693480.54,649727.02,371159.2,238952.3,9881474.43,1.0,9881474.43,903,394.9,497,0.4884,0.875,9.52,PROP-DEL-02,Noida Express Commercial Tower,106,3,7480.0,850,Leased,India,India,Delhi NCR,1321.05,11625.26,25022.73
3465,20260401,15,SGD,810000.0,98205.19,144796.42,67420.52,40003.86,24189.78,1184615.77,63.5,75223101.4,717,343.1,458,0.7543,1.0,85.71,PROP-SGP-01,Marina Bay Financial Centre Tower 2,201,1,5400.0,480,Leased,Asia-Pacific,Singapore,Singapore,13930.2,156714.79,219245.41
3466,20260401,16,SGD,343000.0,59173.0,132719.53,40776.88,22837.09,14562.4,613068.9,63.5,38929875.15,638,299.9,392,0.6277,1.0,66.67,PROP-SGP-02,Changi Business Hub,201,2,4900.0,520,Leased,Asia-Pacific,Singapore,Singapore,7944.87,74865.14,129809.52
3467,20260401,17,MYR,348000.0,61773.85,81511.87,43079.46,25113.78,15080.4,574559.36,18.2,10456980.35,520,224.2,303,0.5856,1.0,66.67,PROP-KUL-01,KL Sentral Corporate Suites,202,1,4350.0,420,Leased,Asia-Pacific,Malaysia,Kuala Lumpur,2403.9,24897.57,46641.3
3468,20260401,18,MYR,397800.0,73642.79,122490.16,52443.09,30319.81,18416.25,695112.1,18.2,12651040.22,938,370.2,479,0.5129,0.8714,28.57,PROP-KUL-02,Bangsar South Tech Centre,202,3,6630.0,780,Leased,Asia-Pacific,Malaysia,Kuala Lumpur,1908.15,16219.28,34173.53
3469,20260401,19,THB,3500000.0,425611.68,589777.8,305660.24,161796.34,107889.89,5090735.95,2.35,11963229.48,412,168.3,239,0.5558,1.0,66.67,PROP-BKK-01,Sathorn Square Tower,203,4,3500.0,320,Leased,Asia-Pacific,Thailand,Bangkok,3418.07,37385.09,71082.77
3470,20260401,20,THB,3825000.0,486466.75,908036.43,332498.01,199335.82,124450.84,5875787.85,2.35,13808101.45,628,229.8,283,0.4426,0.7536,0.0,PROP-BKK-02,Asoke Exchange Office Suites,203,3,5100.0,580,Leased,Asia-Pacific,Thailand,Bangkok,2707.47,23807.07,60087.47
3471,20260401,21,IDR,1215000000.0,219216405.13,326110411.62,155752125.71,89861749.01,52159612.31,2058100303.78,0.0053,10907931.61,538,219.9,303,0.6387,1.0,66.67,PROP-JKT-01,Sudirman SCBD One Pacific,204,4,4050.0,380,Leased,Asia-Pacific,Indonesia,Jakarta,2693.32,28705.08,49604.05
3472,20260401,22,IDR,1530000000.0,291232923.26,510769132.48,201761934.73,115338397.68,69507982.2,2718610370.35,0.0053,14408634.96,766,379.5,482,0.5717,0.989,66.67,PROP-JKT-02,Kuningan Tech Office Hub,204,3,6120.0,700,Leased,Asia-Pacific,Indonesia,Jakarta,2354.35,20583.76,37967.42
3473,20260401,23,AUD,734500.0,122414.81,181949.97,85740.97,49421.61,29596.85,1203624.21,55.2,66440056.39,678,321.3,424,0.6807,1.0,80.95,PROP-SYD-01,Barangaroo International Tower 3,205,1,5650.0,510,Leased,Asia-Pacific,Australia,Sydney,11759.3,130274.62,206785.11
3474,20260401,24,AUD,372000.0,74797.01,150070.96,53216.01,29011.95,18275.52,697371.45,55.2,38494904.04,611,259.3,340,0.598,1.0,66.67,PROP-SYD-02,Macquarie Park Tech Pavilion,205,2,4650.0,480,Leased,Asia-Pacific,Australia,Sydney,8278.47,80197.72,148457.02
3475,20260401,25,INR,2720000.0,362794.17,707140.68,253953.76,142043.0,88714.54,4274646.15,1.0,4274646.15,383,143.1,201,0.498,0.9818,38.1,PROP-PNQ-03,Kalyani Nagar Gateway,102,4,3200.0,310,Leased,India,India,Pune,1335.83,13789.18,29871.74
3476,20260501,1,INR,17000000.0,1517489.15,1582824.78,1050864.79,604443.31,378637.67,22134259.7,1.0,22134259.7,804,356.3,487,0.5641,1.0,60.0,PROP-BOM-01,Nariman Point Business Centre,101,1,6800.0,620,Leased,India,India,Mumbai,3255.04,35700.42,62122.54
3477,20260501,2,INR,10500000.0,916559.83,851940.98,655260.05,379901.46,224726.31,13528388.63,1.0,13528388.63,471,152.3,223,0.4253,0.8889,10.0,PROP-BOM-02,BKC Central Tower B,101,4,3750.0,340,Leased,India,India,Mumbai,3607.57,39789.38,88827.24
3478,20260501,3,INR,14833333.33,1711322.73,2363753.62,1201752.67,687606.71,437417.41,21235186.47,1.0,21235186.47,1533,877.7,1047,0.7027,1.0,65.0,PROP-BOM-03,Powai Horizon Office Park,101,3,10600.0,1250,Leased,India,India,Mumbai,2003.32,16988.15,24194.13
3479,20260501,4,INR,0.0,1719887.55,3396268.61,1207052.48,703485.01,413816.54,7440510.19,1.0,7440510.19,2109,1121.5,1437,0.6301,1.0,65.0,PROP-PNQ-01,Hinjawadi Tech Campus A,102,2,15500.0,1720,Owned,India,India,Pune,480.03,4325.88,6634.43
3480,20260501,5,INR,6240000.0,911806.35,1799216.78,642319.05,353636.22,222448.55,10169426.95,1.0,10169426.95,1030,354.3,441,0.3717,0.7333,0.0,PROP-PNQ-02,Magarpatta Enterprise Park,102,3,7800.0,950,Leased,India,India,Pune,1303.77,10704.66,28702.87
3481,20260501,6,INR,19635000.0,2383504.48,3915278.62,1678892.95,986156.83,601834.65,29200667.53,1.0,29200667.53,2748,1480.8,1942,0.719,1.0,80.0,PROP-BLR-01,Whitefield Innovation Campus Tower 1,103,2,17850.0,1980,Leased,India,India,Bengaluru,1635.89,14747.81,19719.52
3482,20260501,7,INR,14280000.0,1688426.99,2634659.87,1179656.11,679086.42,407431.27,20869260.66,1.0,20869260.66,1668,874.4,1135,0.6721,1.0,70.0,PROP-BLR-02,Outer Ring Road Alpha Center,103,2,11900.0,1320,Leased,India,India,Bengaluru,1753.72,15810.05,23866.95
3483,20260501,8,INR,0.0,998267.57,2050006.3,711465.78,402613.24,247115.22,4409468.11,1.0,4409468.11,1226,519.0,656,0.4757,0.8534,5.0,PROP-BLR-03,Electronic City Systems Hub,103,3,9350.0,1100,Owned,India,India,Bengaluru,471.6,4008.61,8496.08
3484,20260501,9,INR,10327500.0,1398449.61,2649844.46,979141.04,559349.86,361769.69,16276054.66,1.0,16276054.66,1586,823.9,1067,0.6052,1.0,60.0,PROP-MAA-01,OMR Cyber Gateway,104,2,11475.0,1280,Leased,India,India,Chennai,1418.39,12715.67,19754.89
3485,20260501,10,INR,5418750.0,692966.32,1439193.9,483527.89,274516.59,165676.62,8474631.32,1.0,8474631.32,804,313.8,387,0.4093,0.7313,0.0,PROP-MAA-02,Guindy Industrial Square,104,3,6375.0,750,Leased,India,India,Chennai,1329.35,11299.51,27006.47
3486,20260501,11,INR,13600000.0,1760003.37,3158238.33,1213113.04,672221.74,457504.47,20861080.95,1.0,20861080.95,1913,1043.0,1365,0.6812,1.0,80.0,PROP-HYD-01,HITEC City Cyber Horizon,105,2,13600.0,1500,Leased,India,India,Hyderabad,1533.9,13907.39,20001.04
3487,20260501,12,INR,4862000.0,607070.86,985610.07,421599.31,230977.48,157698.88,7264956.6,1.0,7264956.6,550,214.2,308,0.5142,1.0,60.0,PROP-HYD-02,Gachibowli Financial Hub,105,4,4420.0,420,Leased,India,India,Hyderabad,1643.66,17297.52,33916.7
3488,20260501,13,INR,14662500.0,1852842.93,2286880.53,1295147.07,722911.2,462468.35,21282750.08,1.0,21282750.08,1275,597.4,827,0.6144,1.0,65.0,PROP-DEL-01,Gurugram Cyber City Tower 8,106,1,9775.0,980,Leased,India,India,Delhi NCR,2177.26,21717.09,35625.63
3489,20260501,14,INR,5984000.0,918357.12,1745369.07,654785.43,380726.55,220989.66,9904227.83,1.0,9904227.83,903,397.1,505,0.4521,0.8125,0.0,PROP-DEL-02,Noida Express Commercial Tower,106,3,7480.0,850,Leased,India,India,Delhi NCR,1324.09,11652.03,24941.39
3490,20260501,15,SGD,810000.0,95520.2,154312.46,65314.67,37744.62,24094.28,1186986.23,63.5,75373625.6,719,352.6,468,0.6882,1.0,75.0,PROP-SGP-01,Marina Bay Financial Centre Tower 2,201,1,5400.0,480,Leased,Asia-Pacific,Singapore,Singapore,13958.08,157028.39,213765.25
3491,20260501,16,SGD,343000.0,58897.14,132518.47,41337.11,24328.92,14304.95,614386.59,63.5,39013548.46,638,314.6,400,0.5827,0.9674,60.0,PROP-SGP-02,Changi Business Hub,201,2,4900.0,520,Leased,Asia-Pacific,Singapore,Singapore,7961.95,75026.05,124010.01
3492,20260501,17,MYR,348000.0,60159.69,83701.64,42913.31,23294.23,14899.01,572967.88,18.2,10428015.42,520,221.8,290,0.5368,0.9865,60.0,PROP-KUL-01,KL Sentral Corporate Suites,202,1,4350.0,420,Leased,Asia-Pacific,Malaysia,Kuala Lumpur,2397.24,24828.61,47015.4
3493,20260501,18,MYR,397800.0,71974.94,119997.66,48975.97,27864.63,18497.3,685110.5,18.2,12469011.1,941,384.0,488,0.4653,0.835,0.0,PROP-KUL-02,Bangsar South Tech Centre,202,3,6630.0,780,Leased,Asia-Pacific,Malaysia,Kuala Lumpur,1880.7,15985.91,32471.38
3494,20260501,19,THB,3500000.0,427768.57,607076.95,300334.53,165711.37,103138.09,5104029.51,2.35,11994469.35,412,165.3,236,0.516,0.9882,55.0,PROP-BKK-01,Sathorn Square Tower,203,4,3500.0,320,Leased,Asia-Pacific,Thailand,Bangkok,3426.99,37482.72,72561.82
3495,20260501,20,THB,3825000.0,489541.81,876407.91,345397.19,191407.35,116852.16,5844606.42,2.35,13734825.09,628,237.2,294,0.3934,0.7536,0.0,PROP-BKK-02,Asoke Exchange Office Suites,203,3,5100.0,580,Leased,Asia-Pacific,Thailand,Bangkok,2693.1,23680.73,57903.98
3496,20260501,21,IDR,1215000000.0,219387966.77,337242122.7,149627047.93,85859546.41,53437123.07,2060553806.88,0.0053,10920935.18,539,233.6,313,0.5825,1.0,60.0,PROP-JKT-01,Sudirman SCBD One Pacific,204,4,4050.0,380,Leased,Asia-Pacific,Indonesia,Jakarta,2696.53,28739.3,46750.58
3497,20260501,22,IDR,1530000000.0,297419094.48,506285081.76,211744553.28,122781805.37,74965713.33,2743196248.22,0.0053,14538940.12,765,382.5,472,0.5256,0.956,45.0,PROP-JKT-02,Kuningan Tech Office Hub,204,3,6120.0,700,Leased,Asia-Pacific,Indonesia,Jakarta,2375.64,20769.91,38010.3
3498,20260501,23,AUD,734500.0,124704.08,170197.03,86845.95,47998.46,30504.45,1194749.97,55.2,65950198.34,677,323.1,428,0.6175,1.0,65.0,PROP-SYD-01,Barangaroo International Tower 3,205,1,5650.0,510,Leased,Asia-Pacific,Australia,Sydney,11672.6,129314.11,204116.99
3499,20260501,24,AUD,372000.0,75315.09,144601.37,51898.55,30891.53,18203.86,692910.4,55.2,38248654.08,613,258.6,337,0.5481,1.0,60.0,PROP-SYD-02,Macquarie Park Tech Pavilion,205,2,4650.0,480,Leased,Asia-Pacific,Australia,Sydney,8225.52,79684.7,147906.63
3500,20260501,25,INR,2720000.0,361470.54,732198.83,250259.13,151048.07,88048.47,4303025.04,1.0,4303025.04,383,141.6,195,0.4536,0.9167,25.0,PROP-PNQ-03,Kalyani Nagar Gateway,102,4,3200.0,310,Leased,India,India,Pune,1344.7,13880.73,30388.59
3501,20260601,1,INR,17000000.0,1471280.82,1551116.98,1042511.25,593161.12,372755.01,22030825.18,1.0,22030825.18,804,370.1,501,0.5661,1.0,59.09,PROP-BOM-01,Nariman Point Business Centre,101,1,6800.0,620,Leased,India,India,Mumbai,3239.83,35533.59,59526.68
3502,20260601,2,INR,10500000.0,904339.59,827723.87,630929.75,376293.95,237138.13,13476425.29,1.0,13476425.29,470,152.2,223,0.4266,0.8889,22.73,PROP-BOM-02,BKC Central Tower B,101,4,3750.0,340,Leased,India,India,Mumbai,3593.71,39636.54,88544.19
3503,20260601,3,INR,14833333.33,1689874.93,2461304.74,1174856.67,673514.06,411452.26,21244335.99,1.0,21244335.99,1537,882.4,1072,0.6998,1.0,63.64,PROP-BOM-03,Powai Horizon Office Park,101,3,10600.0,1250,Leased,India,India,Mumbai,2004.18,16995.47,24075.63
3504,20260601,4,INR,0.0,1679440.26,3396844.15,1176254.47,666937.33,434043.3,7353519.51,1.0,7353519.51,2107,1156.5,1500,0.6331,1.0,59.09,PROP-PNQ-01,Hinjawadi Tech Campus A,102,2,15500.0,1720,Owned,India,India,Pune,474.42,4275.3,6358.43
3505,20260601,5,INR,6240000.0,883842.04,1801241.74,602377.32,355866.06,228565.76,10111892.92,1.0,10111892.92,1029,369.5,476,0.3722,0.7059,0.0,PROP-PNQ-02,Magarpatta Enterprise Park,102,3,7800.0,950,Leased,India,India,Pune,1296.4,10644.1,27366.42
3506,20260601,6,INR,19635000.0,2393562.66,4047294.02,1720204.72,985974.03,599543.53,29381578.96,1.0,29381578.96,2756,1520.1,1980,0.7193,1.0,81.82,PROP-BLR-01,Whitefield Innovation Campus Tower 1,103,2,17850.0,1980,Leased,India,India,Bengaluru,1646.03,14839.18,19328.71
3507,20260601,7,INR,14280000.0,1652895.25,2622994.03,1152006.73,643828.74,417088.16,20768812.91,1.0,20768812.91,1666,883.4,1115,0.67,1.0,63.64,PROP-BLR-02,Outer Ring Road Alpha Center,103,2,11900.0,1320,Leased,India,India,Bengaluru,1745.28,15733.95,23510.09
3508,20260601,8,INR,0.0,986154.37,2045096.23,700912.55,391150.19,245306.16,4368619.5,1.0,4368619.5,1225,543.5,681,0.4728,0.8276,0.0,PROP-BLR-03,Electronic City Systems Hub,103,3,9350.0,1100,Owned,India,India,Bengaluru,467.23,3971.47,8037.94
3509,20260601,9,INR,10327500.0,1370747.07,2485013.55,946771.43,524027.91,341435.45,15995495.41,1.0,15995495.41,1590,798.0,1068,0.6019,1.0,59.09,PROP-MAA-01,OMR Cyber Gateway,104,2,11475.0,1280,Leased,India,India,Chennai,1393.94,12496.48,20044.48
3510,20260601,10,INR,5418750.0,692034.92,1393439.55,492233.6,279360.58,176737.7,8452556.35,1.0,8452556.35,804,321.8,388,0.4117,0.7333,0.0,PROP-MAA-02,Guindy Industrial Square,104,3,6375.0,750,Leased,India,India,Chennai,1325.89,11270.08,26266.49
3511,20260601,11,INR,13600000.0,1764042.25,3074005.55,1230769.2,698992.07,451293.71,20819102.78,1.0,20819102.78,1911,1043.5,1353,0.6803,1.0,77.27,PROP-HYD-01,HITEC City Cyber Horizon,105,2,13600.0,1500,Leased,India,India,Hyderabad,1530.82,13879.4,19951.22
3512,20260601,12,INR,4862000.0,604331.4,996998.86,427680.7,231206.2,153820.93,7276038.09,1.0,7276038.09,551,218.7,309,0.5204,1.0,59.09,PROP-HYD-02,Gachibowli Financial Hub,105,4,4420.0,420,Leased,India,India,Hyderabad,1646.16,17323.9,33269.49
3513,20260601,13,INR,14662500.0,1848674.62,2187910.29,1312533.51,713297.49,478183.7,21203099.61,1.0,21203099.61,1274,632.5,844,0.6071,1.0,68.18,PROP-DEL-01,Gurugram Cyber City Tower 8,106,1,9775.0,980,Leased,India,India,Delhi NCR,2169.12,21635.82,33522.69
3514,20260601,14,INR,5984000.0,939648.92,1679383.0,673668.47,387718.97,227313.29,9891732.65,1.0,9891732.65,902,379.9,484,0.452,0.8235,0.0,PROP-DEL-02,Noida Express Commercial Tower,106,3,7480.0,850,Leased,India,India,Delhi NCR,1322.42,11637.33,26037.73
3515,20260601,15,SGD,810000.0,98476.53,143259.31,68627.48,40433.27,23482.03,1184278.62,63.5,75201692.37,721,334.1,440,0.688,1.0,81.82,PROP-SGP-01,Marina Bay Financial Centre Tower 2,201,1,5400.0,480,Leased,Asia-Pacific,Singapore,Singapore,13926.24,156670.19,225087.38
3516,20260601,16,SGD,343000.0,58054.23,129549.76,41313.6,22234.41,14739.8,608891.8,63.5,38664629.3,637,301.6,387,0.5787,1.0,59.09,PROP-SGP-02,Changi Business Hub,201,2,4900.0,520,Leased,Asia-Pacific,Singapore,Singapore,7890.74,74355.06,128198.37
3517,20260601,17,MYR,348000.0,61263.57,82791.51,43338.1,24034.35,15005.4,574432.93,18.2,10454679.33,519,227.7,307,0.5349,1.0,59.09,PROP-KUL-01,KL Sentral Corporate Suites,202,1,4350.0,420,Leased,Asia-Pacific,Malaysia,Kuala Lumpur,2403.37,24892.09,45914.27
3518,20260601,18,MYR,397800.0,73699.32,123781.42,53133.96,28474.24,17644.15,694533.09,18.2,12640502.24,943,362.6,455,0.4641,0.8286,0.0,PROP-KUL-02,Bangsar South Tech Centre,202,3,6630.0,780,Leased,Asia-Pacific,Malaysia,Kuala Lumpur,1906.56,16205.77,34860.73
3519,20260601,19,THB,3500000.0,418589.29,634979.4,296575.95,159338.59,101001.31,5110484.54,2.35,12009638.67,412,163.4,230,0.5021,1.0,45.45,PROP-BKK-01,Sathorn Square Tower,203,4,3500.0,320,Leased,Asia-Pacific,Thailand,Bangkok,3431.33,37530.12,73498.4
3520,20260601,20,THB,3825000.0,480443.98,897303.07,329070.42,188823.6,124111.46,5844752.53,2.35,13735168.45,627,232.5,282,0.3993,0.7333,0.0,PROP-BKK-02,Asoke Exchange Office Suites,203,3,5100.0,580,Leased,Asia-Pacific,Thailand,Bangkok,2693.17,23681.32,59075.99
3521,20260601,21,IDR,1215000000.0,226981595.54,323310984.5,161991123.18,88600086.2,58842879.69,2074726669.11,0.0053,10996051.35,541,228.7,314,0.5848,1.0,59.09,PROP-JKT-01,Sudirman SCBD One Pacific,204,4,4050.0,380,Leased,Asia-Pacific,Indonesia,Jakarta,2715.07,28936.98,48080.68
3522,20260601,22,IDR,1530000000.0,297909390.07,497985017.82,205538471.84,122206088.86,77182144.69,2730821113.28,0.0053,14473351.9,764,391.6,497,0.5205,0.9206,31.82,PROP-JKT-02,Kuningan Tech Office Hub,204,3,6120.0,700,Leased,Asia-Pacific,Indonesia,Jakarta,2364.93,20676.22,36959.53
3523,20260601,23,AUD,734500.0,122161.04,169793.05,84868.82,50423.06,30781.15,1192527.12,55.2,65827497.02,676,322.2,439,0.6246,1.0,59.09,PROP-SYD-01,Barangaroo International Tower 3,205,1,5650.0,510,Leased,Asia-Pacific,Australia,Sydney,11650.88,129073.52,204306.32
3524,20260601,24,AUD,372000.0,74786.93,150509.9,51684.39,29975.17,19314.25,698270.64,55.2,38544539.33,615,268.4,348,0.5431,0.9529,54.55,PROP-SYD-02,Macquarie Park Tech Pavilion,205,2,4650.0,480,Leased,Asia-Pacific,Australia,Sydney,8289.15,80301.12,143608.57
3525,20260601,25,INR,2720000.0,366245.48,730000.59,257120.34,141625.91,93709.54,4308701.86,1.0,4308701.86,382,146.9,200,0.4632,0.8909,13.64,PROP-PNQ-03,Kalyani Nagar Gateway,102,4,3200.0,310,Leased,India,India,Pune,1346.47,13899.04,29330.85
3526,20260701,1,INR,17000000.0,1484125.83,1581455.96,1050739.07,619175.72,357020.43,22092517.01,1.0,22092517.01,803,361.1,486,0.5951,1.0,60.87,PROP-BOM-01,Nariman Point Business Centre,101,1,6800.0,620,Leased,India,India,Mumbai,3248.9,35633.09,61181.16
3527,20260701,2,INR,10500000.0,910609.69,849402.59,644255.16,368319.7,219065.21,13491652.35,1.0,13491652.35,470,148.3,218,0.4505,0.9167,47.83,PROP-BOM-02,BKC Central Tower B,101,4,3750.0,340,Leased,India,India,Mumbai,3597.77,39681.33,90975.4
3528,20260701,3,INR,14833333.33,1677526.79,2326645.9,1192472.16,644336.09,429438.71,21103752.98,1.0,21103752.98,1541,930.0,1147,0.7353,1.0,73.91,PROP-BOM-03,Powai Horizon Office Park,101,3,10600.0,1250,Leased,India,India,Mumbai,1990.92,16883.0,22692.21
3529,20260701,4,INR,0.0,1726170.87,3556949.04,1244305.24,702250.5,415645.47,7645321.12,1.0,7645321.12,2105,1118.8,1457,0.666,1.0,69.57,PROP-PNQ-01,Hinjawadi Tech Campus A,102,2,15500.0,1720,Owned,India,India,Pune,493.25,4444.95,6833.5
3530,20260701,5,INR,6240000.0,893342.69,1687041.8,632499.16,362560.86,228424.84,10043869.35,1.0,10043869.35,1028,348.1,433,0.3878,0.7206,0.0,PROP-PNQ-02,Magarpatta Enterprise Park,102,3,7800.0,950,Leased,India,India,Pune,1287.68,10572.49,28853.4
3531,20260701,6,INR,19635000.0,2388779.7,4062029.83,1635551.17,985211.1,587544.72,29294116.52,1.0,29294116.52,2764,1446.5,1921,0.7558,1.0,78.26,PROP-BLR-01,Whitefield Innovation Campus Tower 1,103,2,17850.0,1980,Leased,India,India,Bengaluru,1641.13,14795.01,20251.72
3532,20260701,7,INR,14280000.0,1696359.62,2680477.39,1178966.26,652445.75,425031.92,20913280.94,1.0,20913280.94,1664,926.6,1208,0.706,1.0,78.26,PROP-BLR-02,Outer Ring Road Alpha Center,103,2,11900.0,1320,Leased,India,India,Bengaluru,1757.42,15843.39,22569.91
3533,20260701,8,INR,0.0,996249.45,2041138.41,718153.07,406043.89,244158.83,4405743.65,1.0,4405743.65,1224,523.7,650,0.5017,0.9114,17.39,PROP-BLR-03,Electronic City Systems Hub,103,3,9350.0,1100,Owned,India,India,Bengaluru,471.2,4005.22,8412.72
3534,20260701,9,INR,10327500.0,1390651.25,2623291.05,983459.02,558379.54,337556.46,16220837.32,1.0,16220837.32,1594,805.5,1067,0.6352,1.0,69.57,PROP-MAA-01,OMR Cyber Gateway,104,2,11475.0,1280,Leased,India,India,Chennai,1413.58,12672.53,20137.6
3535,20260701,10,INR,5418750.0,693241.19,1418437.88,472836.59,276199.11,167418.54,8446883.31,1.0,8446883.31,803,309.9,381,0.4306,0.7879,0.0,PROP-MAA-02,Guindy Industrial Square,104,3,6375.0,750,Leased,India,India,Chennai,1325.0,11262.51,27256.8
3536,20260701,11,INR,13600000.0,1797953.73,3131679.8,1284711.87,736507.52,453905.18,21004758.1,1.0,21004758.1,1909,1068.8,1420,0.7164,1.0,78.26,PROP-HYD-01,HITEC City Cyber Horizon,105,2,13600.0,1500,Leased,India,India,Hyderabad,1544.47,14003.17,19652.66
3537,20260701,12,INR,4862000.0,602508.89,958549.3,413800.71,245099.42,144692.55,7226650.87,1.0,7226650.87,553,228.4,328,0.5442,1.0,60.87,PROP-HYD-02,Gachibowli Financial Hub,105,4,4420.0,420,Leased,India,India,Hyderabad,1634.99,17206.31,31640.33
3538,20260701,13,INR,14662500.0,1880567.0,2182443.15,1318782.48,775264.11,488903.54,21308460.28,1.0,21308460.28,1273,616.5,855,0.6413,1.0,65.22,PROP-DEL-01,Gurugram Cyber City Tower 8,106,1,9775.0,980,Leased,India,India,Delhi NCR,2179.89,21743.33,34563.6
3539,20260701,14,INR,5984000.0,952954.83,1677197.59,686560.41,374771.71,228487.96,9903972.5,1.0,9903972.5,901,386.4,480,0.4701,0.8661,8.7,PROP-DEL-02,Noida Express Commercial Tower,106,3,7480.0,850,Leased,India,India,Delhi NCR,1324.06,11651.73,25631.4
3540,20260701,15,SGD,810000.0,97499.01,150792.1,68000.49,40650.8,24049.42,1190991.82,63.5,75627980.57,723,333.8,448,0.7231,1.0,78.26,PROP-SGP-01,Marina Bay Financial Centre Tower 2,201,1,5400.0,480,Leased,Asia-Pacific,Singapore,Singapore,14005.18,157558.29,226566.75
3541,20260701,16,SGD,343000.0,59551.58,133926.03,40579.83,22767.14,14144.0,613968.58,63.5,38987004.83,636,306.1,395,0.6068,1.0,60.87,PROP-SGP-02,Changi Business Hub,201,2,4900.0,520,Leased,Asia-Pacific,Singapore,Singapore,7956.53,74975.01,127366.89
3542,20260701,17,MYR,348000.0,59992.96,83543.04,42682.29,24292.57,15397.98,573908.84,18.2,10445140.89,519,239.7,320,0.5638,1.0,60.87,PROP-KUL-01,KL Sentral Corporate Suites,202,1,4350.0,420,Leased,Asia-Pacific,Malaysia,Kuala Lumpur,2401.18,24869.38,43575.89
3543,20260701,18,MYR,397800.0,71639.39,119417.67,50188.73,29156.13,18049.63,686251.55,18.2,12489778.21,946,378.9,481,0.4938,0.9126,26.09,PROP-KUL-02,Bangsar South Tech Centre,202,3,6630.0,780,Leased,Asia-Pacific,Malaysia,Kuala Lumpur,1883.83,16012.54,32963.26
3544,20260701,19,THB,3500000.0,422372.15,631395.12,292788.23,172945.79,110632.13,5130133.42,2.35,12055813.54,411,163.8,238,0.5298,1.0,60.87,PROP-BKK-01,Sathorn Square Tower,203,4,3500.0,320,Leased,Asia-Pacific,Thailand,Bangkok,3444.52,37674.42,73600.82
3545,20260701,20,THB,3825000.0,493225.86,884618.46,337515.59,207064.9,122348.81,5869773.62,2.35,13793968.01,627,233.6,289,0.4157,0.7333,0.0,PROP-BKK-02,Asoke Exchange Office Suites,203,3,5100.0,580,Leased,Asia-Pacific,Thailand,Bangkok,2704.7,23782.7,59049.52
3546,20260701,21,IDR,1215000000.0,222870981.9,340607332.31,157522802.48,89883761.58,53004779.56,2078889657.83,0.0053,11018115.19,542,232.6,321,0.6098,1.0,60.87,PROP-JKT-01,Sudirman SCBD One Pacific,204,4,4050.0,380,Leased,Asia-Pacific,Indonesia,Jakarta,2720.52,28995.04,47369.37
3547,20260701,22,IDR,1530000000.0,294818195.37,508326993.17,210182530.9,117504448.06,73214317.4,2734046484.9,0.0053,14490446.37,764,392.8,495,0.5511,0.9451,60.87,PROP-JKT-02,Kuningan Tech Office Hub,204,3,6120.0,700,Leased,Asia-Pacific,Indonesia,Jakarta,2367.72,20700.64,36890.14
3548,20260701,23,AUD,734500.0,122263.73,177005.5,84690.16,46642.18,31194.26,1196295.83,55.2,66035529.82,676,334.2,446,0.6554,1.0,69.57,PROP-SYD-01,Barangaroo International Tower 3,205,1,5650.0,510,Leased,Asia-Pacific,Australia,Sydney,11687.7,129481.43,197592.85
3549,20260701,24,AUD,372000.0,74284.16,140100.1,52893.17,28512.49,17979.41,685769.33,55.2,37854467.02,617,274.3,364,0.5716,1.0,60.87,PROP-SYD-02,Macquarie Park Tech Pavilion,205,2,4650.0,480,Leased,Asia-Pacific,Australia,Sydney,8140.75,78863.47,138003.89
3550,20260701,25,INR,2720000.0,363589.82,713137.82,246952.06,147477.12,86842.7,4277999.52,1.0,4277999.52,382,143.2,203,0.4821,0.9268,43.48,PROP-PNQ-03,Kalyani Nagar Gateway,102,4,3200.0,310,Leased,India,India,Pune,1336.87,13800.0,29874.3
3551,20260801,1,INR,17000000.0,1499625.0,1256906.43,1044586.49,589752.53,383742.81,21774613.26,1.0,21774613.26,802,361.5,494,0.5932,1.0,57.14,PROP-BOM-01,Nariman Point Business Centre,101,1,6800.0,620,Leased,India,India,Mumbai,3202.15,35120.34,60234.06
3552,20260801,2,INR,10500000.0,902763.34,687328.45,633494.39,376764.69,214780.24,13315131.11,1.0,13315131.11,469,155.6,222,0.4496,0.9024,42.86,PROP-BOM-02,BKC Central Tower B,101,4,3750.0,340,Leased,India,India,Mumbai,3550.7,39162.15,85572.82
3553,20260801,3,INR,14833333.33,1672267.89,1834101.85,1170469.16,698539.86,418216.84,20626928.93,1.0,20626928.93,1546,915.6,1130,0.7307,1.0,76.19,PROP-BOM-03,Powai Horizon Office Park,101,3,10600.0,1250,Leased,India,India,Mumbai,1945.94,16501.54,22528.32
3554,20260801,4,INR,0.0,1737316.43,2811915.0,1247609.6,668007.13,451052.89,6915901.05,1.0,6915901.05,2103,1156.8,1480,0.6593,1.0,76.19,PROP-PNQ-01,Hinjawadi Tech Campus A,102,2,15500.0,1720,Owned,India,India,Pune,446.19,4020.87,5978.48
3555,20260801,5,INR,6240000.0,905645.6,1375687.74,640726.3,358286.64,233041.28,9753387.56,1.0,9753387.56,1027,368.5,470,0.3861,0.8,0.0,PROP-PNQ-02,Magarpatta Enterprise Park,102,3,7800.0,950,Leased,India,India,Pune,1250.43,10266.72,26467.81
3556,20260801,6,INR,19635000.0,2403074.0,3278203.55,1707152.61,999649.29,603304.23,28626383.68,1.0,28626383.68,2772,1431.3,1871,0.7522,1.0,80.95,PROP-BLR-01,Whitefield Innovation Campus Tower 1,103,2,17850.0,1980,Leased,India,India,Bengaluru,1603.72,14457.77,20000.27
3557,20260801,7,INR,14280000.0,1691594.95,2101416.9,1218543.02,670442.4,413012.07,20375009.34,1.0,20375009.34,1663,934.8,1218,0.7033,1.0,80.95,PROP-BLR-02,Outer Ring Road Alpha Center,103,2,11900.0,1320,Leased,India,India,Bengaluru,1712.19,15435.61,21796.12
3558,20260801,8,INR,0.0,969352.21,1719946.15,658940.58,381349.17,240893.26,3970481.37,1.0,3970481.37,1222,527.7,662,0.502,0.8987,19.05,PROP-BLR-03,Electronic City Systems Hub,103,3,9350.0,1100,Owned,India,India,Bengaluru,424.65,3609.53,7524.13
3559,20260801,9,INR,10327500.0,1397187.14,2037696.47,961848.89,573767.89,364490.42,15662490.81,1.0,15662490.81,1599,805.6,1039,0.6256,1.0,57.14,PROP-MAA-01,OMR Cyber Gateway,104,2,11475.0,1280,Leased,India,India,Chennai,1364.92,12236.32,19442.02
3560,20260801,10,INR,5418750.0,702880.93,1181182.28,504168.26,279129.28,170995.55,8257106.3,1.0,8257106.3,802,323.2,403,0.4285,0.8182,0.0,PROP-MAA-02,Guindy Industrial Square,104,3,6375.0,750,Leased,India,India,Chennai,1295.23,11009.48,25547.98
3561,20260801,11,INR,13600000.0,1743806.47,2527074.69,1246364.83,706341.24,451511.85,20275099.08,1.0,20275099.08,1907,1024.4,1372,0.7117,1.0,80.95,PROP-HYD-01,HITEC City Cyber Horizon,105,2,13600.0,1500,Leased,India,India,Hyderabad,1490.82,13516.73,19792.17
3562,20260801,12,INR,4862000.0,601050.54,792943.05,433345.49,238362.07,144251.15,7071952.3,1.0,7071952.3,554,215.5,307,0.539,1.0,57.14,PROP-HYD-02,Gachibowli Financial Hub,105,4,4420.0,420,Leased,India,India,Hyderabad,1599.99,16837.98,32816.48
3563,20260801,13,INR,14662500.0,1825533.89,1728655.48,1242911.9,745334.22,474363.85,20679299.34,1.0,20679299.34,1271,595.0,830,0.6377,1.0,61.9,PROP-DEL-01,Gurugram Cyber City Tower 8,106,1,9775.0,980,Leased,India,India,Delhi NCR,2115.53,21101.33,34755.12
3564,20260801,14,INR,5984000.0,926134.58,1344309.9,664543.56,373712.62,242241.56,9534942.22,1.0,9534942.22,900,404.6,505,0.4679,0.8553,4.76,PROP-DEL-02,Noida Express Commercial Tower,106,3,7480.0,850,Leased,India,India,Delhi NCR,1274.72,11217.58,23566.34
3565,20260801,15,SGD,810000.0,95783.98,117645.67,68682.69,36963.28,23176.83,1152252.45,63.5,73168030.58,725,335.5,456,0.7255,1.0,80.95,PROP-SGP-01,Marina Bay Financial Centre Tower 2,201,1,5400.0,480,Leased,Asia-Pacific,Singapore,Singapore,13549.64,152433.4,218086.53
3566,20260801,16,SGD,343000.0,58063.26,104438.59,39775.68,23808.5,14433.99,583520.02,63.5,37053521.27,636,304.4,399,0.5982,1.0,57.14,PROP-SGP-02,Changi Business Hub,201,2,4900.0,520,Leased,Asia-Pacific,Singapore,Singapore,7561.94,71256.77,121726.42
3567,20260801,17,MYR,348000.0,61453.89,64268.64,43603.09,23529.49,16128.02,556983.13,18.2,10137092.97,518,223.3,300,0.5595,1.0,57.14,PROP-KUL-01,KL Sentral Corporate Suites,202,1,4350.0,420,Leased,Asia-Pacific,Malaysia,Kuala Lumpur,2330.37,24135.94,45396.74
3568,20260801,18,MYR,397800.0,73312.76,98774.81,50043.31,27972.83,19067.71,666971.42,18.2,12138879.84,949,384.9,490,0.4878,0.9333,19.05,PROP-KUL-02,Bangsar South Tech Centre,202,3,6630.0,780,Leased,Asia-Pacific,Malaysia,Kuala Lumpur,1830.9,15562.67,31537.75
3569,20260801,19,THB,3500000.0,413027.89,480539.57,281026.62,164558.75,106733.1,4945885.93,2.35,11622831.94,411,165.2,241,0.5357,1.0,57.14,PROP-BKK-01,Sathorn Square Tower,203,4,3500.0,320,Leased,Asia-Pacific,Thailand,Bangkok,3320.81,36321.35,70356.13
3570,20260801,20,THB,3825000.0,488776.48,733277.98,345284.78,189703.38,116741.75,5698784.37,2.35,13392143.27,626,243.0,292,0.4191,0.7391,0.0,PROP-BKK-02,Asoke Exchange Office Suites,203,3,5100.0,580,Leased,Asia-Pacific,Thailand,Bangkok,2625.91,23089.9,55111.7
3571,20260801,21,IDR,1215000000.0,225687113.27,261595622.98,153349291.29,91001103.03,54458046.26,2001091176.83,0.0053,10605783.24,544,219.5,301,0.6092,1.0,57.14,PROP-JKT-01,Sudirman SCBD One Pacific,204,4,4050.0,380,Leased,Asia-Pacific,Indonesia,Jakarta,2618.71,27909.96,48317.92
3572,20260801,22,IDR,1530000000.0,289087569.01,409191039.43,199204080.91,119536316.31,69805901.63,2616824907.29,0.0053,13869172.01,763,364.2,453,0.5532,0.989,57.14,PROP-JKT-02,Kuningan Tech Office Hub,204,3,6120.0,700,Leased,Asia-Pacific,Indonesia,Jakarta,2266.2,19813.1,38081.2
3573,20260801,23,AUD,734500.0,123515.76,143035.62,84327.11,51819.71,31075.73,1168273.93,55.2,64488720.94,675,313.5,415,0.6486,1.0,80.95,PROP-SYD-01,Barangaroo International Tower 3,205,1,5650.0,510,Leased,Asia-Pacific,Australia,Sydney,11413.93,126448.47,205705.65
3574,20260801,24,AUD,372000.0,73873.14,115822.55,51467.09,30207.82,18617.52,661988.12,55.2,36541744.22,618,276.6,355,0.5736,1.0,57.14,PROP-SYD-02,Macquarie Park Tech Pavilion,205,2,4650.0,480,Leased,Asia-Pacific,Australia,Sydney,7858.44,76128.63,132110.43
3575,20260801,25,INR,2720000.0,361799.0,591671.02,247947.36,139380.37,86064.38,4146862.13,1.0,4146862.13,381,150.3,205,0.4795,0.9636,28.57,PROP-PNQ-03,Kalyani Nagar Gateway,102,4,3200.0,310,Leased,India,India,Pune,1295.89,13376.97,27590.57
3576,20260901,1,INR,17000000.0,1504508.53,1212931.71,1022972.76,578169.29,375390.49,21693972.78,1.0,21693972.78,801,349.9,472,0.6022,1.0,63.64,PROP-BOM-01,Nariman Point Business Centre,101,1,6800.0,620,Leased,India,India,Mumbai,3190.29,34990.28,62000.49
3577,20260901,2,INR,10500000.0,887207.19,658124.35,620883.22,359227.47,211093.7,13236535.93,1.0,13236535.93,469,146.8,209,0.4613,0.9,40.91,PROP-BOM-02,BKC Central Tower B,101,4,3750.0,340,Leased,India,India,Mumbai,3529.74,38930.99,90167.14
3578,20260901,3,INR,14833333.33,1687081.11,1835728.47,1157873.57,707790.32,424981.4,20646788.2,1.0,20646788.2,1550,909.5,1121,0.7522,1.0,77.27,PROP-BOM-03,Powai Horizon Office Park,101,3,10600.0,1250,Leased,India,India,Mumbai,1947.81,16517.43,22701.25
3579,20260901,4,INR,0.0,1719703.93,2766062.81,1218807.17,1128745.89,445560.9,7278880.7,1.0,7278880.7,2101,1158.5,1531,0.679,1.0,72.73,PROP-PNQ-01,Hinjawadi Tech Campus A,102,2,15500.0,1720,Owned,India,India,Pune,469.61,4231.91,6283.02
3580,20260901,5,INR,6240000.0,900158.73,1455958.87,628388.24,360792.93,225614.44,9810913.21,1.0,9810913.21,1026,349.4,445,0.3918,0.7353,0.0,PROP-PNQ-02,Magarpatta Enterprise Park,102,3,7800.0,950,Leased,India,India,Pune,1257.81,10327.28,28079.32
3581,20260901,6,INR,19635000.0,2443015.83,3220660.28,1742736.96,1006095.15,637830.56,28685338.78,1.0,28685338.78,2779,1442.1,1908,0.7699,1.0,81.82,PROP-BLR-01,Whitefield Innovation Campus Tower 1,103,2,17850.0,1980,Leased,India,India,Bengaluru,1607.02,14487.54,19891.37
3582,20260901,7,INR,14280000.0,1648660.92,2098874.66,1159032.64,682170.23,410699.21,20279437.66,1.0,20279437.66,1661,939.3,1205,0.718,1.0,77.27,PROP-BLR-02,Outer Ring Road Alpha Center,103,2,11900.0,1320,Leased,India,India,Bengaluru,1704.15,15363.21,21589.95
3583,20260901,8,INR,0.0,997500.85,1659431.29,707597.29,615336.57,244842.16,4224708.16,1.0,4224708.16,1221,552.8,678,0.5061,0.8824,27.27,PROP-BLR-03,Electronic City Systems Hub,103,3,9350.0,1100,Owned,India,India,Bengaluru,451.84,3840.64,7642.38
3584,20260901,9,INR,10327500.0,1365503.69,2114996.13,974265.78,532974.28,344500.57,15659740.45,1.0,15659740.45,1604,809.2,1071,0.6419,1.0,63.64,PROP-MAA-01,OMR Cyber Gateway,104,2,11475.0,1280,Leased,India,India,Chennai,1364.68,12234.17,19352.13
3585,20260901,10,INR,5418750.0,689470.81,1175116.93,478934.84,278501.58,165092.51,8205866.67,1.0,8205866.67,801,323.7,397,0.438,0.806,0.0,PROP-MAA-02,Guindy Industrial Square,104,3,6375.0,750,Leased,India,India,Chennai,1287.19,10941.16,25350.22
3586,20260901,11,INR,13600000.0,1743035.87,2478438.42,1240900.26,674374.39,452458.73,20189207.67,1.0,20189207.67,1905,1076.6,1421,0.7321,1.0,81.82,PROP-HYD-01,HITEC City Cyber Horizon,105,2,13600.0,1500,Leased,India,India,Hyderabad,1484.5,13459.47,18752.75
3587,20260901,12,INR,4862000.0,591797.27,795667.19,423229.48,388020.86,142734.83,7203449.63,1.0,7203449.63,556,222.8,314,0.551,1.0,63.64,PROP-HYD-02,Gachibowli Financial Hub,105,4,4420.0,420,Leased,India,India,Hyderabad,1629.74,17151.07,32331.46
3588,20260901,13,INR,14662500.0,1868680.62,1823571.7,1284007.71,748523.59,487530.36,20874813.98,1.0,20874813.98,1270,622.7,868,0.6561,1.0,72.73,PROP-DEL-01,Gurugram Cyber City Tower 8,106,1,9775.0,980,Leased,India,India,Delhi NCR,2135.53,21300.83,33523.07
3589,20260901,14,INR,5984000.0,917387.97,1322839.7,624528.43,379744.56,224321.17,9452821.83,1.0,9452821.83,899,405.2,495,0.4798,0.8235,0.0,PROP-DEL-02,Noida Express Commercial Tower,106,3,7480.0,850,Leased,India,India,Delhi NCR,1263.75,11120.97,23328.78
3590,20260901,15,SGD,810000.0,97362.54,120187.24,69646.53,39047.23,24357.76,1160601.3,63.5,73698182.55,727,354.1,470,0.7377,1.0,81.82,PROP-SGP-01,Marina Bay Financial Centre Tower 2,201,1,5400.0,480,Leased,Asia-Pacific,Singapore,Singapore,13647.81,153537.88,208128.16
3591,20260901,16,SGD,343000.0,59842.25,108816.93,41700.2,37033.73,15196.85,605589.96,63.5,38454962.46,635,298.0,376,0.6137,1.0,63.64,PROP-SGP-02,Changi Business Hub,201,2,4900.0,520,Leased,Asia-Pacific,Singapore,Singapore,7847.95,73951.85,129043.5
3592,20260901,17,MYR,348000.0,60103.66,67807.69,41400.3,25233.94,15235.95,557781.54,18.2,10151624.03,518,223.1,304,0.5679,1.0,63.64,PROP-KUL-01,KL Sentral Corporate Suites,202,1,4350.0,420,Leased,Asia-Pacific,Malaysia,Kuala Lumpur,2333.71,24170.53,45502.57
3593,20260901,18,MYR,397800.0,71573.73,100187.54,50276.08,28184.89,17871.61,665893.85,18.2,12119268.07,951,374.4,475,0.5049,0.8714,13.64,PROP-KUL-02,Bangsar South Tech Centre,202,3,6630.0,780,Leased,Asia-Pacific,Malaysia,Kuala Lumpur,1827.94,15537.52,32369.84
3594,20260901,19,THB,3500000.0,416754.18,497390.6,296276.21,174204.76,101038.23,4985663.98,2.35,11716310.35,410,162.7,233,0.5419,1.0,63.64,PROP-BKK-01,Sathorn Square Tower,203,4,3500.0,320,Leased,Asia-Pacific,Thailand,Bangkok,3347.52,36613.47,72011.74
3595,20260901,20,THB,3825000.0,487424.67,695955.72,340590.68,304743.4,118485.54,5772200.01,2.35,13564670.02,625,240.1,296,0.4236,0.8667,4.55,PROP-BKK-02,Asoke Exchange Office Suites,203,3,5100.0,580,Leased,Asia-Pacific,Thailand,Bangkok,2659.74,23387.36,56495.92
3596,20260901,21,IDR,1215000000.0,226488648.96,270683690.08,154539698.73,93951257.87,56347715.9,2017011011.54,0.0053,10690158.36,545,228.7,304,0.6282,1.0,63.64,PROP-JKT-01,Sudirman SCBD One Pacific,204,4,4050.0,380,Leased,Asia-Pacific,Indonesia,Jakarta,2639.55,28132.0,46743.15
3597,20260901,22,IDR,1530000000.0,294531361.89,387722806.48,203608109.81,121067210.11,73542969.57,2610472457.86,0.0053,13835504.03,762,388.9,482,0.5653,0.9841,63.64,PROP-JKT-02,Kuningan Tech Office Hub,204,3,6120.0,700,Leased,Asia-Pacific,Indonesia,Jakarta,2260.7,19765.01,35575.99
3598,20260901,23,AUD,734500.0,123276.8,146427.28,85812.26,50615.33,30755.03,1171386.7,55.2,64660545.84,674,338.6,459,0.6652,1.0,72.73,PROP-SYD-01,Barangaroo International Tower 3,205,1,5650.0,510,Leased,Asia-Pacific,Australia,Sydney,11444.34,126785.38,190964.4
3599,20260901,24,AUD,372000.0,74404.95,112846.27,52181.57,47454.2,17753.88,676640.87,55.2,37350576.02,620,278.0,364,0.59,1.0,63.64,PROP-SYD-02,Macquarie Park Tech Pavilion,205,2,4650.0,480,Leased,Asia-Pacific,Australia,Sydney,8032.38,77813.7,134354.59
3600,20260901,25,INR,2720000.0,371599.09,571637.71,257786.47,146657.21,91515.97,4159196.45,1.0,4159196.45,381,145.0,199,0.4897,0.9273,31.82,PROP-PNQ-03,Kalyani Nagar Gateway,102,4,3200.0,310,Leased,India,India,Pune,1299.75,13416.76,28684.11
